order_id,order_time,branch,staff,customer_id,customer_segment,item,qty,gross,discount,net_sales,cost,margin
O01878,2026-02-08 16:16:44.438373,Thonglor,Tum,C0484,active,Craft Beer,1,90,30,60,28.43,31.57
O01363,2026-02-08 16:24:44.438373,Thonglor,Ploy,C0190,new,Set Menu,3,540,10,530,217.5,312.5
O00945,2026-02-08 16:35:44.438373,Ari,Nok,C0158,at_risk,Signature Latte,1,120,30,90,37.23,52.77
O00869,2026-02-08 16:53:44.438373,Ari,Bank,C0091,active,Craft Beer,2,240,0,240,108.17,131.83
O01579,2026-02-08 16:56:44.438373,Ari,Nok,C0383,active,Cocktail,2,360,10,350,165.92,184.08
O00129,2026-02-08 16:58:44.438373,Thonglor,Jane,C0108,active,Cocktail,1,120,0,120,52.7,67.3
O01752,2026-02-08 17:17:44.438373,Thonglor,Ploy,C0403,new,Protein Shake,1,120,0,120,64.92,55.08
O01182,2026-02-08 20:04:44.438373,Ari,Nok,C0062,active,Protein Shake,1,220,20,200,101.92,98.08
O00033,2026-02-08 20:59:44.438373,Siam,Jane,C0161,active,Craft Beer,2,300,20,280,163.72,116.28
O02018,2026-02-09 00:48:44.438373,Thonglor,Mek,C0250,active,Craft Beer,1,180,0,180,104.82,75.18
O00904,2026-02-09 01:18:44.438373,Thonglor,Mek,C0255,active,Cocktail,1,260,0,260,159.26,100.74
O00452,2026-02-09 01:28:44.438373,Thonglor,Bank,C0193,new,Classic Burger,1,90,0,90,46.18,43.82
O01086,2026-02-09 01:49:44.438373,Ari,Nok,C0348,at_risk,Cocktail,3,660,30,630,345.83,284.17
O01477,2026-02-09 01:52:44.438373,Siam,Bank,C0671,at_risk,Craft Beer,1,220,0,220,109.02,110.98
O01094,2026-02-09 02:32:44.438373,Siam,Nok,C0205,new,Protein Shake,1,180,10,170,93.08,76.92
O00230,2026-02-09 03:09:44.438373,Ari,Jane,C0308,active,Set Menu,2,180,10,170,75.45,94.55
O01374,2026-02-09 03:42:44.438373,Thonglor,Tum,C0559,active,Set Menu,2,240,0,240,115.24,124.76
O00783,2026-02-09 04:05:44.438373,Ari,Bank,C0507,at_risk,Classic Burger,2,180,0,180,69.09,110.91
O02001,2026-02-09 05:32:44.438373,Thonglor,Jane,C0692,active,Craft Beer,2,240,0,240,126.39,113.61
O02159,2026-02-09 05:44:44.438373,Siam,Ploy,C0017,at_risk,Signature Latte,1,120,0,120,66.29,53.71
O00679,2026-02-09 05:53:44.438373,Thonglor,Nok,C0380,active,Signature Latte,1,90,10,80,40.28,39.72
O00919,2026-02-09 07:07:44.438373,Ari,Nok,C0346,at_risk,Classic Burger,2,240,30,210,89.0,121.0
O00411,2026-02-09 08:52:44.438373,Ari,Jane,C0390,at_risk,Signature Latte,1,260,10,250,141.24,108.76
O00083,2026-02-09 09:40:44.438373,Siam,Jane,C0212,active,Craft Beer,1,90,0,90,45.76,44.24
O02080,2026-02-09 10:02:44.438373,Siam,Bank,C0694,active,Protein Shake,1,90,0,90,35.8,54.2
O01239,2026-02-09 12:12:44.438373,Thonglor,Nok,C0475,at_risk,Cocktail,2,520,0,520,256.29,263.71
O02005,2026-02-09 13:25:44.438373,Thonglor,Nok,C0403,active,Cocktail,2,440,30,410,197.72,212.28
O00585,2026-02-09 14:56:44.438373,Siam,Jane,C0035,at_risk,Classic Burger,1,150,0,150,82.72,67.28
O01242,2026-02-09 14:57:44.438373,Siam,Nok,C0684,active,Cocktail,1,150,0,150,88.38,61.62
O01658,2026-02-09 16:34:44.438373,Siam,Ploy,C0372,active,Signature Latte,1,220,10,210,117.6,92.4
O01747,2026-02-09 18:45:44.438373,Thonglor,Tum,C0403,active,Protein Shake,1,120,10,110,62.42,47.58
O02437,2026-02-09 20:23:44.438373,Siam,Bank,C0066,at_risk,Signature Latte,3,450,0,450,196.41,253.59
O02243,2026-02-09 20:31:44.438373,Siam,Mek,C0557,new,Protein Shake,2,180,20,160,63.18,96.82
O01075,2026-02-09 21:04:44.438373,Siam,Nok,C0647,at_risk,Cocktail,1,90,30,60,23.18,36.82
O00922,2026-02-09 21:47:44.438373,Siam,Tum,C0375,active,Classic Burger,2,240,0,240,146.94,93.06
O01817,2026-02-09 22:19:44.438373,Ari,Tum,C0573,active,Cocktail,1,260,30,230,97.16,132.84
O00091,2026-02-09 22:26:44.438373,Ari,Tum,C0690,active,Set Menu,3,450,20,430,196.49,233.51
O02016,2026-02-09 22:31:44.438373,Ari,Tum,C0420,active,Craft Beer,1,260,0,260,111.68,148.32
O01148,2026-02-09 23:57:44.438373,Ari,Nok,C0032,new,Set Menu,2,240,30,210,126.83,83.17
O00425,2026-02-09 23:58:44.438373,Ari,Jane,C0295,new,Craft Beer,1,220,30,190,103.97,86.03
O02313,2026-02-10 00:02:44.438373,Ari,Tum,C0336,new,Cocktail,1,180,30,150,73.98,76.02
O02029,2026-02-10 00:05:44.438373,Siam,Ploy,C0415,new,Cocktail,1,260,0,260,152.74,107.26
O00398,2026-02-10 01:06:44.438373,Siam,Bank,C0583,active,Craft Beer,1,120,20,100,48.15,51.85
O02262,2026-02-10 01:57:44.438373,Siam,Bank,C0470,active,Set Menu,1,180,0,180,89.2,90.8
O01592,2026-02-10 03:16:44.438373,Thonglor,Bank,C0167,active,Craft Beer,1,150,10,140,60.46,79.54
O02388,2026-02-10 04:08:44.438373,Thonglor,Bank,C0608,at_risk,Signature Latte,2,240,20,220,88.02,131.98
O00117,2026-02-10 04:36:44.438373,Ari,Mek,C0514,at_risk,Set Menu,2,300,30,270,159.39,110.61
O01548,2026-02-10 06:53:44.438373,Thonglor,Nok,C0424,new,Cocktail,1,90,30,60,35.18,24.82
O02378,2026-02-10 08:22:44.438373,Thonglor,Nok,C0539,at_risk,Protein Shake,1,220,20,200,102.36,97.64
O00407,2026-02-10 08:24:44.438373,Siam,Ploy,C0377,active,Craft Beer,1,150,0,150,92.87,57.13
O01177,2026-02-10 08:58:44.438373,Thonglor,Bank,C0151,new,Signature Latte,2,300,10,290,135.95,154.05
O02432,2026-02-10 09:38:44.438373,Siam,Nok,C0498,active,Classic Burger,1,260,10,250,140.44,109.56
O00418,2026-02-10 11:09:44.438373,Siam,Nok,C0213,at_risk,Cocktail,2,360,0,360,169.07,190.93
O00386,2026-02-10 11:28:44.438373,Siam,Ploy,C0198,at_risk,Craft Beer,2,180,0,180,87.79,92.21
O00673,2026-02-10 11:55:44.438373,Siam,Nok,C0200,at_risk,Protein Shake,1,120,20,100,53.08,46.92
O02062,2026-02-10 12:13:44.438373,Siam,Ploy,C0012,active,Craft Beer,1,120,10,110,50.5,59.5
O01028,2026-02-10 12:28:44.438373,Ari,Tum,C0673,new,Set Menu,1,180,20,160,90.34,69.66
O00841,2026-02-10 13:37:44.438373,Siam,Tum,C0129,active,Set Menu,1,90,0,90,47.24,42.76
O00668,2026-02-10 16:10:44.438373,Ari,Bank,C0416,active,Classic Burger,1,220,0,220,128.21,91.79
O00883,2026-02-10 17:14:44.438373,Ari,Ploy,C0320,at_risk,Signature Latte,3,450,20,430,186.04,243.96
O02421,2026-02-10 17:49:44.438373,Thonglor,Nok,C0034,active,Protein Shake,1,90,10,80,45.32,34.68
O01627,2026-02-10 18:46:44.438373,Thonglor,Jane,C0087,active,Protein Shake,2,300,10,290,150.99,139.01
O01417,2026-02-10 18:53:44.438373,Thonglor,Nok,C0230,active,Classic Burger,2,360,0,360,146.02,213.98
O00631,2026-02-10 20:52:44.438373,Ari,Bank,C0209,active,Protein Shake,1,120,0,120,65.44,54.56
O01273,2026-02-10 21:30:44.438373,Ari,Mek,C0584,new,Craft Beer,2,240,10,230,101.73,128.27
O01459,2026-02-10 23:31:44.438373,Siam,Bank,C0253,active,Set Menu,1,260,30,230,119.87,110.13
O01184,2026-02-10 23:36:44.438373,Thonglor,Nok,C0068,at_risk,Cocktail,1,150,0,150,82.55,67.45
O00713,2026-02-11 00:45:44.438373,Ari,Tum,C0117,active,Craft Beer,2,300,10,290,128.35,161.65
O01132,2026-02-11 01:17:44.438373,Thonglor,Bank,C0286,at_risk,Classic Burger,1,180,0,180,97.89,82.11
O01312,2026-02-11 01:32:44.438373,Ari,Bank,C0583,active,Signature Latte,2,520,0,520,303.28,216.72
O00257,2026-02-11 01:49:44.438373,Siam,Jane,C0619,new,Cocktail,2,180,20,160,74.71,85.29
O00233,2026-02-11 04:29:44.438373,Siam,Jane,C0284,active,Craft Beer,2,180,0,180,108.59,71.41
O00305,2026-02-11 06:22:44.438373,Ari,Bank,C0113,new,Craft Beer,2,240,30,210,85.9,124.1
O00018,2026-02-11 06:26:44.438373,Thonglor,Tum,C0672,active,Signature Latte,1,150,0,150,69.15,80.85
O00971,2026-02-11 06:48:44.438373,Siam,Jane,C0248,at_risk,Protein Shake,1,180,0,180,99.74,80.26
O00105,2026-02-11 07:15:44.438373,Thonglor,Tum,C0001,at_risk,Protein Shake,1,90,30,60,36.98,23.02
O00354,2026-02-11 08:24:44.438373,Thonglor,Mek,C0421,active,Set Menu,3,660,0,660,372.79,287.21
O02263,2026-02-11 08:52:44.438373,Thonglor,Mek,C0341,new,Set Menu,2,360,0,360,172.87,187.13
O01932,2026-02-11 09:05:44.438373,Siam,Ploy,C0669,active,Cocktail,2,440,0,440,215.56,224.44
O00520,2026-02-11 10:07:44.438373,Ari,Ploy,C0471,at_risk,Protein Shake,3,360,30,330,190.93,139.07
O01631,2026-02-11 10:13:44.438373,Thonglor,Mek,C0159,active,Craft Beer,3,450,30,420,231.86,188.14
O00767,2026-02-11 10:19:44.438373,Ari,Mek,C0501,active,Signature Latte,3,450,0,450,271.43,178.57
O02148,2026-02-11 11:30:44.438373,Ari,Ploy,C0457,at_risk,Signature Latte,3,270,0,270,108.87,161.13
O01286,2026-02-11 12:08:44.438373,Ari,Nok,C0186,active,Classic Burger,1,220,30,190,73.13,116.87
O02114,2026-02-11 12:12:44.438373,Siam,Bank,C0329,at_risk,Set Menu,1,180,20,160,91.39,68.61
O01022,2026-02-11 14:59:44.438373,Thonglor,Jane,C0502,at_risk,Protein Shake,1,150,0,150,76.79,73.21
O01784,2026-02-11 15:59:44.438373,Siam,Tum,C0135,active,Signature Latte,1,90,0,90,44.79,45.21
O01687,2026-02-11 16:48:44.438373,Thonglor,Ploy,C0622,active,Protein Shake,3,540,30,510,265.05,244.95
O01855,2026-02-11 17:53:44.438373,Siam,Jane,C0116,new,Craft Beer,1,180,20,160,94.51,65.49
O02164,2026-02-11 19:31:44.438373,Thonglor,Mek,C0360,new,Protein Shake,1,90,0,90,54.09,35.91
O00980,2026-02-11 19:33:44.438373,Siam,Jane,C0004,active,Craft Beer,2,180,30,150,73.19,76.81
O00552,2026-02-11 21:11:44.438373,Ari,Tum,C0547,active,Signature Latte,1,260,30,230,106.13,123.87
O00516,2026-02-11 22:04:44.438373,Siam,Jane,C0465,active,Set Menu,3,540,20,520,248.83,271.17
O00109,2026-02-11 23:15:44.438373,Siam,Bank,C0361,new,Cocktail,1,180,0,180,97.06,82.94
O00548,2026-02-12 00:35:44.438373,Thonglor,Ploy,C0052,at_risk,Protein Shake,1,120,20,100,59.55,40.45
O02303,2026-02-12 00:41:44.438373,Ari,Jane,C0145,active,Cocktail,2,360,30,330,170.92,159.08
O01859,2026-02-12 01:35:44.438373,Thonglor,Tum,C0339,new,Signature Latte,2,440,20,420,229.79,190.21
O02288,2026-02-12 01:47:44.438373,Siam,Jane,C0373,at_risk,Classic Burger,1,150,30,120,60.65,59.35
O00373,2026-02-12 02:34:44.438373,Thonglor,Nok,C0058,at_risk,Classic Burger,2,440,10,430,206.29,223.71
O01394,2026-02-12 03:26:44.438373,Ari,Jane,C0273,new,Set Menu,3,360,30,330,147.84,182.16
O01639,2026-02-12 03:33:44.438373,Thonglor,Bank,C0313,new,Set Menu,1,120,30,90,49.18,40.82
O02103,2026-02-12 03:35:44.438373,Ari,Nok,C0509,active,Set Menu,2,240,20,220,122.38,97.62
O01232,2026-02-12 04:37:44.438373,Ari,Tum,C0386,new,Cocktail,2,440,20,420,224.82,195.18
O01711,2026-02-12 06:09:44.438373,Thonglor,Mek,C0539,new,Signature Latte,3,780,10,770,320.01,449.99
O00042,2026-02-12 07:15:44.438373,Ari,Jane,C0247,new,Craft Beer,1,220,30,190,101.31,88.69
O02004,2026-02-12 07:17:44.438373,Siam,Nok,C0052,active,Set Menu,1,150,10,140,69.95,70.05
O01950,2026-02-12 07:57:44.438373,Siam,Bank,C0599,new,Classic Burger,2,180,0,180,89.46,90.54
O02154,2026-02-12 08:19:44.438373,Siam,Bank,C0057,active,Cocktail,1,90,0,90,52.84,37.16
O00707,2026-02-12 11:33:44.438373,Siam,Tum,C0325,at_risk,Signature Latte,1,180,0,180,80.92,99.08
O00421,2026-02-12 11:58:44.438373,Ari,Tum,C0289,active,Cocktail,2,240,30,210,116.71,93.29
O00809,2026-02-12 13:27:44.438373,Thonglor,Ploy,C0367,active,Classic Burger,1,180,0,180,93.39,86.61
O00851,2026-02-12 13:40:44.438373,Ari,Jane,C0118,active,Signature Latte,3,660,20,640,297.91,342.09
O02325,2026-02-12 13:40:44.438373,Thonglor,Jane,C0666,active,Cocktail,1,90,30,60,24.73,35.27
O01597,2026-02-12 14:14:44.438373,Ari,Mek,C0343,new,Craft Beer,2,240,20,220,97.99,122.01
O02196,2026-02-12 15:00:44.438373,Thonglor,Nok,C0236,active,Cocktail,2,440,0,440,269.87,170.13
O00067,2026-02-12 15:11:44.438373,Thonglor,Mek,C0251,new,Signature Latte,1,220,0,220,105.68,114.32
O01688,2026-02-12 15:15:44.438373,Siam,Nok,C0567,active,Signature Latte,1,180,0,180,77.08,102.92
O00216,2026-02-12 16:20:44.438373,Siam,Nok,C0449,active,Classic Burger,1,220,0,220,103.71,116.29
O00036,2026-02-12 16:39:44.438373,Thonglor,Mek,C0036,at_risk,Signature Latte,1,150,0,150,88.21,61.79
O02266,2026-02-12 17:12:44.438373,Thonglor,Bank,C0349,new,Protein Shake,1,150,20,130,60.63,69.37
O01514,2026-02-12 17:18:44.438373,Thonglor,Ploy,C0257,at_risk,Craft Beer,1,150,30,120,46.42,73.58
O00493,2026-02-12 18:16:44.438373,Thonglor,Jane,C0438,active,Cocktail,2,360,20,340,200.45,139.55
O00199,2026-02-12 20:10:44.438373,Thonglor,Bank,C0291,active,Craft Beer,2,440,20,420,227.15,192.85
O00308,2026-02-12 20:29:44.438373,Ari,Ploy,C0311,active,Craft Beer,3,360,0,360,196.84,163.16
O01107,2026-02-12 20:48:44.438373,Siam,Bank,C0317,active,Set Menu,1,150,0,150,77.77,72.23
O02214,2026-02-12 21:26:44.438373,Ari,Jane,C0448,at_risk,Cocktail,1,220,0,220,131.36,88.64
O00562,2026-02-12 21:27:44.438373,Thonglor,Bank,C0541,active,Cocktail,2,360,10,350,161.72,188.28
O00994,2026-02-12 23:30:44.438373,Siam,Jane,C0266,at_risk,Set Menu,1,260,0,260,140.68,119.32
O01798,2026-02-12 23:47:44.438373,Siam,Ploy,C0640,active,Protein Shake,2,180,10,170,73.94,96.06
O00854,2026-02-13 00:14:44.438373,Siam,Nok,C0384,new,Protein Shake,1,220,0,220,98.75,121.25
O01463,2026-02-13 00:23:44.438373,Siam,Bank,C0519,at_risk,Cocktail,2,300,30,270,130.87,139.13
O01469,2026-02-13 02:23:44.438373,Siam,Ploy,C0529,at_risk,Cocktail,2,440,0,440,267.01,172.99
O00283,2026-02-13 02:54:44.438373,Siam,Nok,C0272,new,Protein Shake,2,360,10,350,203.87,146.13
O02392,2026-02-13 03:36:44.438373,Thonglor,Ploy,C0143,active,Set Menu,3,270,0,270,118.28,151.72
O00295,2026-02-13 05:39:44.438373,Siam,Tum,C0232,at_risk,Cocktail,2,520,0,520,240.13,279.87
O01657,2026-02-13 05:48:44.438373,Ari,Jane,C0049,new,Cocktail,3,450,10,440,240.18,199.82
O01193,2026-02-13 06:53:44.438373,Ari,Tum,C0667,at_risk,Cocktail,2,360,20,340,198.0,142.0
O00770,2026-02-13 08:27:44.438373,Ari,Mek,C0524,new,Craft Beer,2,440,0,440,238.31,201.69
O01224,2026-02-13 09:58:44.438373,Ari,Bank,C0304,new,Cocktail,1,260,0,260,115.22,144.78
O00850,2026-02-13 10:19:44.438373,Thonglor,Nok,C0598,active,Craft Beer,1,90,30,60,26.88,33.12
O02255,2026-02-13 11:16:44.438373,Thonglor,Jane,C0316,new,Cocktail,1,150,20,130,72.91,57.09
O00681,2026-02-13 12:35:44.438373,Siam,Jane,C0044,active,Cocktail,1,90,0,90,44.58,45.42
O01530,2026-02-13 12:46:44.438373,Thonglor,Nok,C0350,active,Cocktail,2,300,0,300,162.47,137.53
O01090,2026-02-13 13:23:44.438373,Siam,Bank,C0680,active,Set Menu,1,150,20,130,54.88,75.12
O01289,2026-02-13 16:33:44.438373,Ari,Tum,C0410,active,Craft Beer,3,360,20,340,167.58,172.42
O01307,2026-02-13 16:46:44.438373,Ari,Bank,C0288,active,Signature Latte,1,180,10,170,69.0,101.0
O02256,2026-02-13 18:22:44.438373,Siam,Bank,C0638,at_risk,Protein Shake,1,90,10,80,32.52,47.48
O00491,2026-02-13 18:25:44.438373,Siam,Jane,C0311,active,Protein Shake,1,150,30,120,68.06,51.94
O00294,2026-02-13 18:46:44.438373,Siam,Nok,C0008,active,Classic Burger,2,180,20,160,94.15,65.85
O02394,2026-02-13 20:02:44.438373,Siam,Mek,C0532,at_risk,Classic Burger,2,300,10,290,176.26,113.74
O01308,2026-02-13 20:08:44.438373,Siam,Nok,C0561,active,Craft Beer,3,540,0,540,259.15,280.85
O00533,2026-02-13 20:10:44.438373,Siam,Jane,C0622,new,Craft Beer,2,440,20,420,176.32,243.68
O02037,2026-02-13 21:07:44.438373,Ari,Mek,C0111,active,Cocktail,2,240,0,240,115.86,124.14
O00136,2026-02-13 22:02:44.438373,Siam,Ploy,C0170,at_risk,Protein Shake,1,90,30,60,31.67,28.33
O02198,2026-02-14 00:57:44.438373,Ari,Jane,C0515,at_risk,Craft Beer,2,520,20,500,279.27,220.73
O01844,2026-02-14 07:02:44.438373,Thonglor,Mek,C0512,new,Protein Shake,1,220,0,220,102.07,117.93
O01661,2026-02-14 07:07:44.438373,Ari,Nok,C0110,active,Signature Latte,2,180,10,170,81.5,88.5
O02234,2026-02-14 08:02:44.438373,Siam,Ploy,C0525,active,Classic Burger,1,220,10,210,115.23,94.77
O00706,2026-02-14 08:15:44.438373,Siam,Jane,C0688,active,Set Menu,1,150,0,150,61.28,88.72
O01785,2026-02-14 08:33:44.438373,Thonglor,Mek,C0017,new,Classic Burger,1,120,10,110,63.0,47.0
O02172,2026-02-14 10:26:44.438373,Thonglor,Nok,C0394,at_risk,Protein Shake,1,150,0,150,64.38,85.62
O01445,2026-02-14 11:40:44.438373,Ari,Mek,C0087,at_risk,Classic Burger,2,440,0,440,194.23,245.77
O00658,2026-02-14 12:31:44.438373,Siam,Tum,C0057,active,Signature Latte,3,450,0,450,243.66,206.34
O00825,2026-02-14 14:14:44.438373,Ari,Bank,C0655,new,Signature Latte,2,180,0,180,88.7,91.3
O00094,2026-02-14 14:45:44.438373,Siam,Tum,C0572,at_risk,Protein Shake,1,90,0,90,38.11,51.89
O01053,2026-02-14 16:14:44.438373,Thonglor,Bank,C0403,new,Signature Latte,3,780,20,760,339.96,420.04
O00024,2026-02-14 16:38:44.438373,Thonglor,Mek,C0151,active,Craft Beer,1,120,0,120,65.06,54.94
O00081,2026-02-14 17:15:44.438373,Siam,Ploy,C0007,active,Cocktail,1,180,0,180,100.69,79.31
O00288,2026-02-14 18:25:44.438373,Siam,Nok,C0083,at_risk,Protein Shake,1,90,0,90,55.07,34.93
O01446,2026-02-14 18:54:44.438373,Siam,Nok,C0172,new,Signature Latte,3,780,30,750,396.61,353.39
O00195,2026-02-14 20:45:44.438373,Ari,Tum,C0003,active,Craft Beer,1,150,20,130,49.86,80.14
O01343,2026-02-14 23:55:44.438373,Siam,Nok,C0540,active,Cocktail,1,150,0,150,57.08,92.92
O01584,2026-02-15 00:23:44.438373,Ari,Tum,C0562,new,Craft Beer,1,150,10,140,82.16,57.84
O00576,2026-02-15 01:08:44.438373,Siam,Ploy,C0663,new,Protein Shake,2,240,30,210,91.12,118.88
O02393,2026-02-15 02:18:44.438373,Siam,Bank,C0133,at_risk,Cocktail,2,360,30,330,127.94,202.06
O00498,2026-02-15 02:33:44.438373,Ari,Mek,C0005,active,Cocktail,3,660,0,660,359.12,300.88
O01491,2026-02-15 04:26:44.438373,Siam,Mek,C0533,at_risk,Craft Beer,2,440,0,440,266.5,173.5
O01267,2026-02-15 04:54:44.438373,Thonglor,Ploy,C0267,at_risk,Cocktail,1,90,20,70,37.64,32.36
O00863,2026-02-15 07:45:44.438373,Siam,Tum,C0606,new,Protein Shake,1,120,20,100,48.03,51.97
O01032,2026-02-15 08:36:44.438373,Siam,Tum,C0541,active,Craft Beer,2,440,20,420,162.72,257.28
O01774,2026-02-15 09:16:44.438373,Thonglor,Tum,C0106,active,Cocktail,1,90,20,70,32.71,37.29
O00279,2026-02-15 10:30:44.438373,Thonglor,Tum,C0645,at_risk,Classic Burger,1,90,20,70,38.69,31.31
O01630,2026-02-15 10:58:44.438373,Thonglor,Tum,C0259,new,Set Menu,1,220,0,220,103.73,116.27
O01484,2026-02-15 11:58:44.438373,Thonglor,Ploy,C0342,active,Craft Beer,1,90,0,90,41.38,48.62
O02385,2026-02-15 12:07:44.438373,Thonglor,Ploy,C0054,new,Set Menu,2,240,20,220,84.29,135.71
O01946,2026-02-15 12:08:44.438373,Thonglor,Ploy,C0227,new,Set Menu,3,270,0,270,159.48,110.52
O02277,2026-02-15 12:53:44.438373,Ari,Jane,C0526,new,Classic Burger,3,450,20,430,229.55,200.45
O01896,2026-02-15 13:07:44.438373,Siam,Nok,C0245,at_risk,Craft Beer,2,440,0,440,200.34,239.66
O01238,2026-02-15 14:20:44.438373,Siam,Bank,C0684,new,Classic Burger,1,150,30,120,50.98,69.02
O01841,2026-02-15 15:18:44.438373,Thonglor,Ploy,C0111,new,Cocktail,3,360,10,350,136.89,213.11
O01988,2026-02-15 15:18:44.438373,Thonglor,Tum,C0238,at_risk,Set Menu,3,270,10,260,99.46,160.54
O00966,2026-02-15 15:51:44.438373,Siam,Ploy,C0471,active,Classic Burger,2,180,0,180,96.25,83.75
O01947,2026-02-15 16:32:44.438373,Ari,Bank,C0427,active,Classic Burger,3,450,30,420,166.24,253.76
O00832,2026-02-15 17:08:44.438373,Thonglor,Tum,C0634,at_risk,Classic Burger,1,180,0,180,100.16,79.84
O00981,2026-02-15 18:05:44.438373,Thonglor,Jane,C0268,active,Signature Latte,3,450,30,420,171.03,248.97
O00615,2026-02-15 20:23:44.438373,Siam,Mek,C0472,new,Set Menu,1,180,20,160,98.98,61.02
O00408,2026-02-15 22:09:44.438373,Thonglor,Nok,C0366,active,Craft Beer,2,180,30,150,88.59,61.41
O01110,2026-02-15 23:08:44.438373,Siam,Bank,C0027,active,Signature Latte,3,360,20,340,175.14,164.86
O01185,2026-02-15 23:45:44.438373,Ari,Mek,C0304,active,Craft Beer,1,260,20,240,123.01,116.99
O02245,2026-02-15 23:53:44.438373,Siam,Tum,C0579,new,Set Menu,1,260,0,260,135.29,124.71
O01372,2026-02-16 00:57:44.438373,Ari,Nok,C0201,at_risk,Protein Shake,3,780,20,760,402.95,357.05
O02177,2026-02-16 02:01:44.438373,Siam,Ploy,C0628,active,Cocktail,2,180,10,170,94.11,75.89
O01326,2026-02-16 02:01:44.438373,Ari,Nok,C0391,active,Set Menu,2,360,10,350,162.15,187.85
O00742,2026-02-16 02:55:44.438373,Ari,Ploy,C0112,at_risk,Classic Burger,2,360,20,340,171.7,168.3
O00414,2026-02-16 03:09:44.438373,Ari,Jane,C0088,at_risk,Signature Latte,1,120,0,120,51.39,68.61
O01929,2026-02-16 03:27:44.438373,Siam,Bank,C0001,active,Craft Beer,2,440,20,420,173.43,246.57
O00827,2026-02-16 04:58:44.438373,Siam,Ploy,C0371,active,Cocktail,2,240,10,230,93.26,136.74
O01599,2026-02-16 05:10:44.438373,Ari,Nok,C0672,new,Set Menu,2,300,0,300,161.66,138.34
O02441,2026-02-16 06:11:44.438373,Siam,Nok,C0385,active,Classic Burger,1,180,10,170,71.17,98.83
O01544,2026-02-16 06:43:44.438373,Thonglor,Jane,C0304,active,Craft Beer,2,520,20,500,292.79,207.21
O01157,2026-02-16 07:03:44.438373,Ari,Jane,C0147,new,Signature Latte,3,270,0,270,165.76,104.24
O01322,2026-02-16 07:13:44.438373,Thonglor,Tum,C0303,new,Craft Beer,1,150,30,120,63.73,56.27
O02128,2026-02-16 07:22:44.438373,Thonglor,Mek,C0685,active,Set Menu,1,90,20,70,33.43,36.57
O00820,2026-02-16 07:35:44.438373,Siam,Tum,C0392,new,Signature Latte,3,450,0,450,209.88,240.12
O01713,2026-02-16 07:41:44.438373,Thonglor,Bank,C0408,active,Classic Burger,2,440,0,440,249.98,190.02
O00297,2026-02-16 08:51:44.438373,Thonglor,Tum,C0262,at_risk,Craft Beer,2,240,0,240,118.44,121.56
O00747,2026-02-16 09:08:44.438373,Siam,Ploy,C0229,at_risk,Classic Burger,1,150,20,130,57.98,72.02
O02224,2026-02-16 09:35:44.438373,Ari,Nok,C0218,active,Craft Beer,1,220,10,210,110.8,99.2
O02459,2026-02-16 11:11:44.438373,Thonglor,Ploy,C0088,new,Set Menu,2,180,0,180,85.2,94.8
O00930,2026-02-16 11:32:44.438373,Siam,Tum,C0186,active,Set Menu,1,90,10,80,42.38,37.62
O00990,2026-02-16 12:10:44.438373,Siam,Ploy,C0197,active,Cocktail,1,180,30,150,78.72,71.28
O02247,2026-02-16 13:35:44.438373,Thonglor,Bank,C0006,at_risk,Set Menu,1,180,20,160,74.18,85.82
O00643,2026-02-16 13:55:44.438373,Ari,Nok,C0538,new,Classic Burger,2,180,10,170,69.2,100.8
O01958,2026-02-16 13:57:44.438373,Thonglor,Jane,C0054,new,Protein Shake,3,780,0,780,301.83,478.17
O00918,2026-02-16 14:13:44.438373,Siam,Nok,C0328,active,Classic Burger,1,120,0,120,50.06,69.94
O01714,2026-02-16 14:45:44.438373,Thonglor,Jane,C0542,new,Craft Beer,1,120,20,100,45.47,54.53
O00984,2026-02-16 16:06:44.438373,Ari,Mek,C0637,active,Signature Latte,1,90,10,80,40.66,39.34
O00826,2026-02-16 16:17:44.438373,Thonglor,Tum,C0665,new,Set Menu,1,180,30,150,69.18,80.82
O01448,2026-02-16 16:42:44.438373,Siam,Bank,C0202,active,Cocktail,2,180,20,160,70.48,89.52
O01344,2026-02-16 18:21:44.438373,Ari,Bank,C0559,active,Craft Beer,2,440,20,420,257.44,162.56
O00933,2026-02-16 18:30:44.438373,Siam,Ploy,C0539,active,Cocktail,1,120,0,120,49.77,70.23
O02182,2026-02-16 19:19:44.438373,Ari,Tum,C0209,active,Protein Shake,2,520,30,490,281.03,208.97
O01154,2026-02-16 19:39:44.438373,Siam,Nok,C0200,active,Set Menu,1,150,20,130,49.7,80.3
O00568,2026-02-16 20:19:44.438373,Thonglor,Mek,C0340,active,Protein Shake,2,520,30,490,298.2,191.8
O01077,2026-02-16 21:03:44.438373,Thonglor,Mek,C0680,active,Craft Beer,2,360,30,330,166.65,163.35
O01259,2026-02-16 22:57:44.438373,Thonglor,Jane,C0628,at_risk,Protein Shake,1,150,0,150,86.13,63.87
O01254,2026-02-16 23:49:44.438373,Siam,Bank,C0470,at_risk,Protein Shake,3,270,0,270,105.68,164.32
O01730,2026-02-17 01:22:44.438373,Siam,Mek,C0568,active,Craft Beer,2,180,0,180,97.61,82.39
O01336,2026-02-17 01:59:44.438373,Thonglor,Nok,C0440,at_risk,Craft Beer,2,360,0,360,161.1,198.9
O02289,2026-02-17 02:06:44.438373,Siam,Ploy,C0341,active,Signature Latte,1,180,20,160,61.25,98.75
O00116,2026-02-17 02:53:44.438373,Ari,Mek,C0007,active,Signature Latte,2,360,30,330,136.57,193.43
O00027,2026-02-17 03:01:44.438373,Thonglor,Bank,C0254,new,Cocktail,2,300,0,300,125.64,174.36
O00113,2026-02-17 05:40:44.438373,Ari,Nok,C0087,at_risk,Craft Beer,1,120,0,120,71.45,48.55
O01829,2026-02-17 07:31:44.438373,Siam,Ploy,C0061,new,Signature Latte,1,260,10,250,139.98,110.02
O02028,2026-02-17 08:39:44.438373,Ari,Nok,C0009,active,Protein Shake,1,180,10,170,81.04,88.96
O00962,2026-02-17 09:56:44.438373,Ari,Mek,C0171,active,Set Menu,2,360,0,360,208.09,151.91
O00650,2026-02-17 11:03:44.438373,Siam,Tum,C0529,active,Set Menu,2,440,30,410,167.52,242.48
O02253,2026-02-17 11:13:44.438373,Siam,Jane,C0178,active,Classic Burger,3,780,0,780,449.0,331.0
O00139,2026-02-17 11:14:44.438373,Siam,Tum,C0324,at_risk,Set Menu,1,260,0,260,105.69,154.31
O01283,2026-02-17 11:21:44.438373,Thonglor,Jane,C0540,at_risk,Set Menu,3,360,10,350,193.39,156.61
O00022,2026-02-17 11:26:44.438373,Siam,Nok,C0201,active,Cocktail,3,660,20,640,394.25,245.75
O00519,2026-02-17 12:26:44.438373,Siam,Bank,C0281,active,Classic Burger,1,220,30,190,106.86,83.14
O02439,2026-02-17 12:45:44.438373,Siam,Tum,C0056,at_risk,Classic Burger,1,150,0,150,58.98,91.02
O01608,2026-02-17 13:53:44.438373,Siam,Mek,C0609,at_risk,Set Menu,3,540,0,540,228.34,311.66
O01653,2026-02-17 15:39:44.438373,Siam,Ploy,C0165,active,Set Menu,1,220,0,220,100.78,119.22
O00671,2026-02-17 19:19:44.438373,Siam,Nok,C0521,active,Cocktail,1,180,20,160,75.47,84.53
O01864,2026-02-17 20:11:44.438373,Ari,Bank,C0199,at_risk,Set Menu,1,150,10,140,80.38,59.62
O01056,2026-02-17 21:49:44.438373,Thonglor,Tum,C0411,active,Craft Beer,3,660,10,650,308.81,341.19
O00704,2026-02-17 23:37:44.438373,Siam,Ploy,C0252,active,Craft Beer,1,90,20,70,33.41,36.59
O00657,2026-02-17 23:58:44.438373,Siam,Tum,C0378,new,Protein Shake,1,260,30,230,113.61,116.39
O02321,2026-02-18 00:30:44.438373,Ari,Mek,C0563,new,Classic Burger,1,260,30,230,135.54,94.46
O01782,2026-02-18 01:25:44.438373,Ari,Tum,C0257,active,Craft Beer,2,300,0,300,155.56,144.44
O01320,2026-02-18 03:50:44.438373,Siam,Bank,C0555,at_risk,Set Menu,2,240,30,210,94.98,115.02
O01313,2026-02-18 04:04:44.438373,Ari,Bank,C0046,active,Craft Beer,2,180,20,160,79.48,80.52
O01720,2026-02-18 04:16:44.438373,Ari,Jane,C0633,active,Set Menu,1,120,0,120,65.5,54.5
O00503,2026-02-18 04:17:44.438373,Thonglor,Ploy,C0136,active,Protein Shake,2,240,20,220,110.96,109.04
O00710,2026-02-18 04:49:44.438373,Siam,Bank,C0066,active,Protein Shake,1,150,0,150,82.26,67.74
O01935,2026-02-18 06:01:44.438373,Ari,Jane,C0390,at_risk,Set Menu,2,520,0,520,251.74,268.26
O00063,2026-02-18 06:41:44.438373,Siam,Nok,C0373,active,Protein Shake,1,120,0,120,51.84,68.16
O01675,2026-02-18 07:07:44.438373,Ari,Tum,C0576,at_risk,Classic Burger,1,180,10,170,77.86,92.14
O01237,2026-02-18 07:18:44.438373,Thonglor,Nok,C0371,active,Cocktail,1,120,20,100,46.72,53.28
O02308,2026-02-18 07:39:44.438373,Thonglor,Nok,C0323,active,Set Menu,3,660,20,640,354.39,285.61
O00956,2026-02-18 07:46:44.438373,Siam,Ploy,C0002,active,Protein Shake,2,180,30,150,75.53,74.47
O01209,2026-02-18 07:57:44.438373,Ari,Ploy,C0337,at_risk,Set Menu,1,90,0,90,53.73,36.27
O02339,2026-02-18 09:05:44.438373,Thonglor,Tum,C0384,active,Classic Burger,2,180,0,180,79.33,100.67
O02464,2026-02-18 09:21:44.438373,Siam,Nok,C0123,at_risk,Classic Burger,1,260,0,260,111.57,148.43
O00451,2026-02-18 09:44:44.438373,Thonglor,Ploy,C0277,active,Signature Latte,1,220,0,220,102.74,117.26
O02115,2026-02-18 11:00:44.438373,Thonglor,Nok,C0674,active,Craft Beer,3,450,20,430,252.57,177.43
O01083,2026-02-18 12:31:44.438373,Ari,Ploy,C0464,active,Set Menu,2,180,0,180,103.89,76.11
O00253,2026-02-18 13:04:44.438373,Siam,Tum,C0664,active,Cocktail,2,360,10,350,174.85,175.15
O00158,2026-02-18 14:06:44.438373,Thonglor,Jane,C0075,active,Craft Beer,1,220,0,220,92.24,127.76
O00727,2026-02-18 14:10:44.438373,Siam,Ploy,C0656,new,Set Menu,2,240,20,220,86.61,133.39
O00968,2026-02-18 14:36:44.438373,Siam,Tum,C0334,active,Protein Shake,2,300,0,300,183.17,116.83
O02039,2026-02-18 14:46:44.438373,Ari,Bank,C0563,at_risk,Cocktail,1,150,0,150,87.13,62.87
O01906,2026-02-18 14:50:44.438373,Siam,Jane,C0048,active,Craft Beer,1,150,0,150,85.55,64.45
O00972,2026-02-19 00:26:44.438373,Ari,Mek,C0608,new,Signature Latte,2,520,30,490,225.81,264.19
O00703,2026-02-19 01:11:44.438373,Thonglor,Mek,C0450,active,Cocktail,2,360,0,360,137.39,222.61
O00908,2026-02-19 01:21:44.438373,Thonglor,Mek,C0495,active,Protein Shake,2,180,10,170,68.0,102.0
O00579,2026-02-19 01:55:44.438373,Siam,Tum,C0085,active,Set Menu,2,300,20,280,173.2,106.8
O02030,2026-02-19 02:05:44.438373,Siam,Ploy,C0505,at_risk,Craft Beer,2,300,10,290,118.41,171.59
O01629,2026-02-19 02:30:44.438373,Siam,Ploy,C0155,active,Craft Beer,1,90,10,80,40.07,39.93
O00353,2026-02-19 05:11:44.438373,Siam,Nok,C0104,new,Classic Burger,3,270,20,250,122.3,127.7
O00287,2026-02-19 05:41:44.438373,Siam,Ploy,C0542,at_risk,Protein Shake,3,780,20,760,358.41,401.59
O02314,2026-02-19 07:50:44.438373,Ari,Tum,C0259,at_risk,Protein Shake,2,360,0,360,170.59,189.41
O01328,2026-02-19 08:10:44.438373,Thonglor,Bank,C0362,at_risk,Signature Latte,1,120,0,120,54.89,65.11
O01364,2026-02-19 08:27:44.438373,Thonglor,Mek,C0180,active,Cocktail,2,520,30,490,253.7,236.3
O00227,2026-02-19 09:00:44.438373,Ari,Tum,C0526,new,Set Menu,2,360,30,330,153.46,176.54
O02328,2026-02-19 11:27:44.438373,Ari,Bank,C0057,at_risk,Set Menu,2,440,0,440,253.08,186.92
O00663,2026-02-19 11:35:44.438373,Siam,Ploy,C0210,active,Protein Shake,2,180,30,150,82.23,67.77
O01481,2026-02-19 11:47:44.438373,Siam,Nok,C0363,active,Classic Burger,3,270,0,270,129.55,140.45
O01992,2026-02-19 12:26:44.438373,Ari,Tum,C0155,active,Signature Latte,1,260,0,260,148.86,111.14
O00487,2026-02-19 12:39:44.438373,Siam,Nok,C0246,new,Cocktail,1,120,20,100,56.18,43.82
O01541,2026-02-19 12:46:44.438373,Siam,Jane,C0600,new,Signature Latte,2,360,0,360,185.22,174.78
O02123,2026-02-19 13:26:44.438373,Ari,Nok,C0533,new,Classic Burger,1,150,0,150,68.14,81.86
O00636,2026-02-19 13:34:44.438373,Siam,Ploy,C0341,active,Set Menu,1,220,0,220,134.6,85.4
O02380,2026-02-19 14:18:44.438373,Ari,Nok,C0552,at_risk,Set Menu,3,660,0,660,377.1,282.9
O01510,2026-02-19 15:37:44.438373,Ari,Tum,C0184,at_risk,Cocktail,1,260,20,240,118.95,121.05
O02387,2026-02-19 18:01:44.438373,Ari,Ploy,C0397,at_risk,Classic Burger,1,90,20,70,40.96,29.04
O02219,2026-02-19 18:15:44.438373,Thonglor,Jane,C0134,at_risk,Classic Burger,3,360,10,350,143.08,206.92
O01925,2026-02-19 18:55:44.438373,Siam,Bank,C0021,active,Classic Burger,1,180,0,180,100.41,79.59
O01261,2026-02-19 20:19:44.438373,Siam,Bank,C0327,new,Protein Shake,1,220,0,220,109.94,110.06
O01979,2026-02-19 21:21:44.438373,Siam,Nok,C0400,active,Signature Latte,2,360,30,330,174.94,155.06
O00343,2026-02-19 22:07:44.438373,Siam,Bank,C0691,new,Craft Beer,1,220,10,210,125.66,84.34
O01613,2026-02-19 23:15:44.438373,Siam,Tum,C0609,active,Craft Beer,2,440,0,440,198.94,241.06
O02179,2026-02-20 00:11:44.438373,Ari,Mek,C0405,new,Classic Burger,1,260,30,230,130.94,99.06
O02064,2026-02-20 01:29:44.438373,Siam,Mek,C0038,new,Cocktail,1,220,30,190,77.29,112.71
O01506,2026-02-20 02:48:44.438373,Thonglor,Jane,C0243,new,Protein Shake,1,120,10,110,51.77,58.23
O00870,2026-02-20 02:51:44.438373,Siam,Bank,C0168,active,Signature Latte,1,90,0,90,39.97,50.03
O00383,2026-02-20 04:27:44.438373,Ari,Tum,C0213,active,Signature Latte,1,260,10,250,154.97,95.03
O01495,2026-02-20 05:46:44.438373,Siam,Mek,C0378,active,Protein Shake,2,180,0,180,98.03,81.97
O02295,2026-02-20 06:09:44.438373,Siam,Nok,C0029,at_risk,Cocktail,2,180,30,150,63.58,86.42
O01066,2026-02-20 06:20:44.438373,Thonglor,Jane,C0413,active,Signature Latte,1,120,0,120,68.95,51.05
O02299,2026-02-20 06:23:44.438373,Thonglor,Jane,C0487,active,Cocktail,2,180,20,160,67.97,92.03
O01734,2026-02-20 06:31:44.438373,Thonglor,Bank,C0496,at_risk,Set Menu,3,450,20,430,200.61,229.39
O02316,2026-02-20 08:58:44.438373,Ari,Mek,C0499,at_risk,Classic Burger,2,520,0,520,248.36,271.64
O01534,2026-02-20 10:03:44.438373,Thonglor,Tum,C0666,at_risk,Set Menu,1,260,0,260,161.14,98.86
O02072,2026-02-20 10:04:44.438373,Siam,Mek,C0415,new,Cocktail,1,260,30,230,141.19,88.81
O00593,2026-02-20 10:10:44.438373,Siam,Bank,C0615,at_risk,Set Menu,1,180,0,180,101.23,78.77
O01963,2026-02-20 10:23:44.438373,Siam,Mek,C0698,active,Set Menu,1,260,10,250,105.15,144.85
O00206,2026-02-20 11:32:44.438373,Ari,Ploy,C0650,active,Set Menu,2,180,30,150,80.11,69.89
O01575,2026-02-20 12:02:44.438373,Siam,Nok,C0584,new,Cocktail,2,180,10,170,91.06,78.94
O01115,2026-02-20 13:04:44.438373,Ari,Jane,C0331,active,Signature Latte,2,300,20,280,146.81,133.19
O01698,2026-02-20 16:51:44.438373,Siam,Ploy,C0199,at_risk,Signature Latte,2,180,30,150,79.86,70.14
O01494,2026-02-20 17:42:44.438373,Siam,Jane,C0110,active,Classic Burger,1,150,0,150,90.52,59.48
O00310,2026-02-20 19:52:44.438373,Ari,Tum,C0634,active,Classic Burger,1,180,10,170,67.77,102.23
O00594,2026-02-20 20:36:44.438373,Thonglor,Nok,C0434,active,Signature Latte,2,520,0,520,295.18,224.82
O01640,2026-02-20 20:46:44.438373,Thonglor,Mek,C0308,active,Protein Shake,2,240,10,230,134.04,95.96
O01016,2026-02-20 20:51:44.438373,Ari,Nok,C0382,at_risk,Cocktail,2,180,10,170,89.31,80.69
O00530,2026-02-20 22:11:44.438373,Siam,Nok,C0336,active,Craft Beer,2,520,0,520,303.61,216.39
O01050,2026-02-20 22:27:44.438373,Ari,Bank,C0254,new,Classic Burger,1,150,30,120,71.91,48.09
O00146,2026-02-20 22:32:44.438373,Thonglor,Nok,C0332,new,Signature Latte,1,150,10,140,57.55,82.45
O01742,2026-02-20 23:03:44.438373,Siam,Jane,C0658,active,Craft Beer,2,300,0,300,168.36,131.64
O00300,2026-02-20 23:07:44.438373,Siam,Jane,C0318,active,Cocktail,1,260,10,250,145.64,104.36
O01243,2026-02-21 00:07:44.438373,Thonglor,Tum,C0171,new,Craft Beer,1,90,0,90,37.58,52.42
O00565,2026-02-21 01:35:44.438373,Ari,Ploy,C0144,at_risk,Classic Burger,2,520,0,520,295.49,224.51
O01366,2026-02-21 02:21:44.438373,Siam,Jane,C0023,active,Protein Shake,2,180,20,160,72.75,87.25
O02063,2026-02-21 03:44:44.438373,Siam,Bank,C0441,active,Protein Shake,1,90,30,60,23.25,36.75
O02498,2026-02-21 04:48:44.438373,Ari,Bank,C0020,active,Classic Burger,3,270,20,250,128.22,121.78
O02331,2026-02-21 07:44:44.438373,Ari,Nok,C0033,at_risk,Craft Beer,1,260,0,260,144.59,115.41
O01883,2026-02-21 08:18:44.438373,Ari,Nok,C0331,new,Craft Beer,2,440,0,440,173.53,266.47
O01588,2026-02-21 08:38:44.438373,Siam,Nok,C0195,at_risk,Set Menu,2,440,0,440,178.24,261.76
O01034,2026-02-21 08:54:44.438373,Thonglor,Jane,C0221,at_risk,Protein Shake,1,220,0,220,122.23,97.77
O01873,2026-02-21 09:10:44.438373,Thonglor,Mek,C0585,active,Set Menu,2,520,0,520,293.7,226.3
O01331,2026-02-21 10:32:44.438373,Ari,Bank,C0475,active,Craft Beer,1,150,30,120,66.31,53.69
O02451,2026-02-21 10:46:44.438373,Ari,Mek,C0035,at_risk,Cocktail,1,90,0,90,42.22,47.78
O00004,2026-02-21 11:09:44.438373,Thonglor,Nok,C0131,at_risk,Set Menu,2,360,10,350,165.13,184.87
O00416,2026-02-21 11:30:44.438373,Ari,Bank,C0069,new,Classic Burger,1,150,30,120,69.4,50.6
O01994,2026-02-21 11:36:44.438373,Siam,Ploy,C0259,new,Classic Burger,3,270,0,270,159.82,110.18
O01820,2026-02-21 11:38:44.438373,Siam,Bank,C0550,new,Set Menu,1,90,10,80,45.81,34.19
O01369,2026-02-21 11:50:44.438373,Siam,Tum,C0544,active,Cocktail,1,180,0,180,91.9,88.1
O01886,2026-02-21 12:58:44.438373,Ari,Tum,C0262,active,Set Menu,1,180,0,180,93.06,86.94
O01612,2026-02-21 14:38:44.438373,Thonglor,Mek,C0532,at_risk,Cocktail,1,120,20,100,50.19,49.81
O01360,2026-02-21 15:25:44.438373,Siam,Tum,C0569,active,Classic Burger,1,220,10,210,119.6,90.4
O00368,2026-02-21 17:11:44.438373,Thonglor,Bank,C0600,at_risk,Set Menu,3,540,0,540,264.59,275.41
O01674,2026-02-21 21:28:44.438373,Siam,Tum,C0053,at_risk,Classic Burger,3,780,30,750,441.76,308.24
O00120,2026-02-21 21:41:44.438373,Ari,Nok,C0552,active,Signature Latte,1,260,0,260,129.05,130.95
O00064,2026-02-21 22:05:44.438373,Siam,Tum,C0408,active,Craft Beer,1,150,20,130,79.31,50.69
O00149,2026-02-21 22:47:44.438373,Thonglor,Ploy,C0336,active,Signature Latte,1,120,10,110,64.62,45.38
O00672,2026-02-21 23:45:44.438373,Thonglor,Jane,C0615,at_risk,Craft Beer,3,540,10,530,218.41,311.59
O00212,2026-02-21 23:59:44.438373,Ari,Tum,C0442,at_risk,Set Menu,3,270,10,260,144.39,115.61
O00856,2026-02-22 00:37:44.438373,Siam,Nok,C0633,active,Craft Beer,1,220,0,220,133.47,86.53
O02375,2026-02-22 02:10:44.438373,Thonglor,Jane,C0306,active,Classic Burger,3,540,0,540,252.29,287.71
O00267,2026-02-22 04:04:44.438373,Ari,Ploy,C0681,at_risk,Signature Latte,1,90,30,60,26.07,33.93
O01046,2026-02-22 04:34:44.438373,Siam,Nok,C0340,active,Craft Beer,2,180,0,180,89.18,90.82
O02096,2026-02-22 05:05:44.438373,Siam,Nok,C0576,active,Set Menu,2,440,10,430,176.11,253.89
O00893,2026-02-22 05:49:44.438373,Siam,Mek,C0439,active,Cocktail,3,360,20,340,131.63,208.37
O00888,2026-02-22 08:49:44.438373,Siam,Mek,C0201,active,Craft Beer,2,440,0,440,184.83,255.17
O02329,2026-02-22 08:52:44.438373,Thonglor,Jane,C0367,new,Classic Burger,2,360,30,330,131.47,198.53
O02353,2026-02-22 09:07:44.438373,Ari,Jane,C0541,active,Classic Burger,1,120,20,100,58.02,41.98
O00687,2026-02-22 09:09:44.438373,Siam,Tum,C0609,active,Protein Shake,3,450,10,440,249.94,190.06
O00697,2026-02-22 09:48:44.438373,Thonglor,Tum,C0211,active,Classic Burger,2,180,20,160,79.39,80.61
O01482,2026-02-22 09:54:44.438373,Ari,Tum,C0631,active,Set Menu,1,220,0,220,97.16,122.84
O00334,2026-02-22 10:08:44.438373,Ari,Jane,C0573,new,Cocktail,1,260,20,240,124.44,115.56
O01686,2026-02-22 12:06:44.438373,Ari,Bank,C0277,active,Cocktail,1,90,30,60,34.99,25.01
O01763,2026-02-22 14:27:44.438373,Siam,Ploy,C0382,active,Signature Latte,1,150,0,150,62.33,87.67
O00101,2026-02-22 15:01:44.438373,Thonglor,Ploy,C0292,at_risk,Protein Shake,2,440,20,420,232.4,187.6
O01039,2026-02-22 15:06:44.438373,Thonglor,Mek,C0543,active,Classic Burger,2,300,20,280,151.9,128.1
O01721,2026-02-22 15:13:44.438373,Siam,Tum,C0418,active,Protein Shake,3,660,30,630,300.56,329.44
O00333,2026-02-22 15:29:44.438373,Siam,Bank,C0414,new,Protein Shake,1,120,0,120,66.43,53.57
O01230,2026-02-22 16:13:44.438373,Ari,Ploy,C0152,new,Signature Latte,1,90,0,90,42.27,47.73
O02373,2026-02-22 16:18:44.438373,Thonglor,Ploy,C0659,active,Craft Beer,1,220,0,220,86.73,133.27
O01051,2026-02-22 16:40:44.438373,Siam,Bank,C0668,active,Protein Shake,1,120,20,100,47.33,52.67
O00322,2026-02-22 16:57:44.438373,Ari,Jane,C0520,new,Signature Latte,1,260,0,260,148.25,111.75
O00488,2026-02-22 19:12:44.438373,Thonglor,Jane,C0446,active,Classic Burger,1,220,0,220,129.17,90.83
O00798,2026-02-22 19:23:44.438373,Siam,Bank,C0460,new,Cocktail,3,360,10,350,216.46,133.54
O02137,2026-02-22 20:37:44.438373,Siam,Nok,C0584,active,Craft Beer,1,90,0,90,43.55,46.45
O01515,2026-02-22 20:47:44.438373,Ari,Nok,C0637,new,Craft Beer,3,780,10,770,406.6,363.4
O01606,2026-02-22 21:29:44.438373,Ari,Nok,C0315,active,Classic Burger,1,220,0,220,112.02,107.98
O01223,2026-02-22 21:42:44.438373,Ari,Bank,C0389,at_risk,Protein Shake,2,360,10,350,185.38,164.62
O01465,2026-02-22 22:07:44.438373,Siam,Jane,C0663,active,Signature Latte,2,520,10,510,265.73,244.27
O01550,2026-02-22 22:25:44.438373,Ari,Mek,C0460,at_risk,Set Menu,3,660,0,660,401.92,258.08
O01500,2026-02-22 22:29:44.438373,Thonglor,Tum,C0518,at_risk,Set Menu,2,180,0,180,79.36,100.64
O00130,2026-02-22 22:59:44.438373,Thonglor,Nok,C0017,at_risk,Signature Latte,1,180,10,170,77.44,92.56
O00096,2026-02-22 23:29:44.438373,Thonglor,Tum,C0691,active,Signature Latte,1,220,0,220,104.32,115.68
O01030,2026-02-22 23:55:44.438373,Siam,Bank,C0659,new,Cocktail,2,520,0,520,313.9,206.1
O01690,2026-02-23 01:37:44.438373,Thonglor,Jane,C0588,active,Signature Latte,1,180,0,180,109.59,70.41
O01909,2026-02-23 01:51:44.438373,Ari,Jane,C0138,active,Classic Burger,3,780,0,780,463.2,316.8
O02345,2026-02-23 04:47:44.438373,Siam,Nok,C0646,new,Protein Shake,1,220,0,220,103.38,116.62
O02109,2026-02-23 05:06:44.438373,Thonglor,Mek,C0482,at_risk,Protein Shake,2,520,0,520,276.6,243.4
O01143,2026-02-23 07:39:44.438373,Siam,Jane,C0199,active,Protein Shake,2,520,30,490,247.58,242.42
O00645,2026-02-23 09:27:44.438373,Ari,Bank,C0282,active,Classic Burger,2,180,30,150,79.26,70.74
O01945,2026-02-23 09:31:44.438373,Ari,Ploy,C0196,active,Signature Latte,2,240,10,230,137.98,92.02
O01542,2026-02-23 11:00:44.438373,Siam,Bank,C0491,active,Craft Beer,1,90,30,60,27.06,32.94
O01991,2026-02-23 11:21:44.438373,Thonglor,Jane,C0202,active,Classic Burger,3,660,30,630,262.02,367.98
O00805,2026-02-23 11:21:44.438373,Siam,Jane,C0674,active,Craft Beer,1,150,20,130,68.46,61.54
O02240,2026-02-23 13:10:44.438373,Siam,Tum,C0439,active,Classic Burger,1,90,0,90,43.62,46.38
O02376,2026-02-23 14:01:44.438373,Siam,Jane,C0358,active,Cocktail,1,180,0,180,101.17,78.83
O01384,2026-02-23 19:02:44.438373,Thonglor,Nok,C0342,active,Signature Latte,1,150,30,120,52.72,67.28
O00166,2026-02-23 19:22:44.438373,Siam,Tum,C0691,new,Signature Latte,1,90,20,70,39.7,30.3
O00254,2026-02-23 19:35:44.438373,Ari,Bank,C0350,active,Signature Latte,3,660,20,640,322.65,317.35
O01296,2026-02-23 19:50:44.438373,Thonglor,Ploy,C0022,at_risk,Cocktail,3,270,10,260,146.41,113.59
O00181,2026-02-23 21:25:44.438373,Siam,Mek,C0630,new,Craft Beer,2,360,30,330,144.17,185.83
O00335,2026-02-23 23:09:44.438373,Thonglor,Bank,C0322,new,Set Menu,1,90,0,90,51.36,38.64
O00302,2026-02-23 23:32:44.438373,Thonglor,Jane,C0001,active,Protein Shake,2,300,10,290,141.56,148.44
O00948,2026-02-23 23:54:44.438373,Siam,Ploy,C0057,active,Signature Latte,1,90,20,70,27.81,42.19
O01749,2026-02-24 00:15:44.438373,Ari,Ploy,C0324,active,Cocktail,2,300,0,300,131.65,168.35
O01128,2026-02-24 01:43:44.438373,Ari,Nok,C0090,at_risk,Classic Burger,1,180,0,180,68.92,111.08
O00991,2026-02-24 02:55:44.438373,Ari,Nok,C0610,active,Set Menu,2,440,10,430,165.86,264.14
O01409,2026-02-24 06:13:44.438373,Siam,Mek,C0429,active,Craft Beer,1,120,20,100,57.6,42.4
O02462,2026-02-24 06:32:44.438373,Ari,Jane,C0111,new,Set Menu,2,240,10,230,101.03,128.97
O01180,2026-02-24 06:46:44.438373,Thonglor,Bank,C0162,active,Classic Burger,2,360,0,360,144.25,215.75
O01919,2026-02-24 07:53:44.438373,Thonglor,Bank,C0528,at_risk,Signature Latte,1,150,20,130,64.95,65.05
O02453,2026-02-24 08:22:44.438373,Ari,Nok,C0165,active,Protein Shake,2,240,30,210,101.51,108.49
O00399,2026-02-24 09:03:44.438373,Ari,Tum,C0154,active,Protein Shake,1,150,0,150,67.35,82.65
O01704,2026-02-24 10:17:44.438373,Ari,Tum,C0248,active,Classic Burger,2,180,0,180,72.81,107.19
O01738,2026-02-24 12:34:44.438373,Ari,Jane,C0681,at_risk,Set Menu,3,660,0,660,365.84,294.16
O02461,2026-02-24 13:25:44.438373,Thonglor,Ploy,C0486,new,Classic Burger,2,300,10,290,135.11,154.89
O01681,2026-02-24 14:03:44.438373,Siam,Jane,C0260,new,Cocktail,2,440,30,410,226.66,183.34
O01764,2026-02-24 14:48:44.438373,Thonglor,Jane,C0396,at_risk,Signature Latte,2,300,10,290,179.12,110.88
O02327,2026-02-24 14:50:44.438373,Siam,Tum,C0013,active,Craft Beer,1,220,10,210,108.8,101.2
O01196,2026-02-24 15:34:44.438373,Ari,Tum,C0536,active,Cocktail,1,220,10,210,111.62,98.38
O00045,2026-02-24 16:07:44.438373,Siam,Mek,C0659,active,Signature Latte,3,660,20,640,250.16,389.84
O02370,2026-02-24 16:18:44.438373,Siam,Ploy,C0611,new,Protein Shake,2,520,30,490,277.09,212.91
O00964,2026-02-24 17:45:44.438373,Siam,Ploy,C0501,active,Protein Shake,1,120,0,120,64.77,55.23
O00085,2026-02-24 19:53:44.438373,Thonglor,Mek,C0443,active,Set Menu,1,120,0,120,55.32,64.68
O01167,2026-02-24 21:40:44.438373,Thonglor,Jane,C0180,at_risk,Set Menu,2,360,30,330,138.5,191.5
O01977,2026-02-24 21:48:44.438373,Ari,Jane,C0446,active,Cocktail,2,300,10,290,141.46,148.54
O01279,2026-02-24 22:35:44.438373,Ari,Nok,C0244,at_risk,Signature Latte,1,220,30,190,110.92,79.08
O01880,2026-02-24 22:38:44.438373,Siam,Mek,C0692,active,Craft Beer,1,90,0,90,50.55,39.45
O00790,2026-02-25 00:13:44.438373,Siam,Bank,C0437,new,Protein Shake,1,90,10,80,44.98,35.02
O02418,2026-02-25 00:23:44.438373,Thonglor,Bank,C0690,active,Protein Shake,1,90,10,80,37.72,42.28
O00662,2026-02-25 00:26:44.438373,Siam,Bank,C0177,at_risk,Craft Beer,3,360,30,330,195.48,134.52
O00070,2026-02-25 00:52:44.438373,Siam,Jane,C0078,active,Signature Latte,2,440,30,410,230.3,179.7
O01707,2026-02-25 02:42:44.438373,Siam,Tum,C0534,active,Craft Beer,1,150,30,120,73.28,46.72
O01520,2026-02-25 03:05:44.438373,Ari,Mek,C0117,active,Classic Burger,3,360,10,350,150.32,199.68
O01163,2026-02-25 03:50:44.438373,Ari,Jane,C0137,at_risk,Cocktail,1,120,30,90,46.23,43.77
O00337,2026-02-25 04:20:44.438373,Thonglor,Jane,C0403,active,Signature Latte,2,180,0,180,96.07,83.93
O00371,2026-02-25 04:54:44.438373,Siam,Jane,C0327,active,Classic Burger,3,450,0,450,278.27,171.73
O02349,2026-02-25 05:04:44.438373,Siam,Tum,C0560,at_risk,Craft Beer,1,90,30,60,35.07,24.93
O00238,2026-02-25 06:06:44.438373,Siam,Bank,C0382,active,Signature Latte,1,90,0,90,48.61,41.39
O01493,2026-02-25 06:32:44.438373,Siam,Mek,C0174,at_risk,Craft Beer,2,360,20,340,200.98,139.02
O01483,2026-02-25 08:01:44.438373,Siam,Bank,C0297,at_risk,Craft Beer,1,180,30,150,74.11,75.89
O00128,2026-02-25 08:56:44.438373,Ari,Nok,C0296,at_risk,Signature Latte,2,300,0,300,158.88,141.12
O00937,2026-02-25 10:20:44.438373,Thonglor,Bank,C0221,at_risk,Classic Burger,3,660,10,650,331.36,318.64
O01744,2026-02-25 11:00:44.438373,Thonglor,Jane,C0239,at_risk,Signature Latte,1,180,0,180,80.51,99.49
O01275,2026-02-25 11:38:44.438373,Siam,Nok,C0056,active,Classic Burger,2,300,0,300,155.39,144.61
O01149,2026-02-25 11:58:44.438373,Ari,Tum,C0392,active,Protein Shake,3,660,0,660,360.07,299.93
O01802,2026-02-25 12:18:44.438373,Ari,Nok,C0256,active,Craft Beer,2,440,20,420,205.06,214.94
O00306,2026-02-25 13:04:44.438373,Siam,Ploy,C0266,active,Protein Shake,1,120,30,90,48.86,41.14
O00927,2026-02-25 17:02:44.438373,Thonglor,Tum,C0510,active,Signature Latte,2,360,0,360,217.46,142.54
O01971,2026-02-25 17:41:44.438373,Thonglor,Jane,C0053,at_risk,Craft Beer,1,150,0,150,92.25,57.75
O00717,2026-02-25 18:22:44.438373,Siam,Tum,C0374,new,Cocktail,2,180,0,180,91.24,88.76
O00686,2026-02-25 18:58:44.438373,Thonglor,Nok,C0574,active,Set Menu,3,660,0,660,254.26,405.74
O01421,2026-02-25 19:05:44.438373,Ari,Mek,C0554,active,Classic Burger,1,150,10,140,82.05,57.95
O02231,2026-02-25 20:18:44.438373,Siam,Tum,C0687,new,Protein Shake,2,180,20,160,78.08,81.92
O02440,2026-02-25 21:24:44.438373,Ari,Jane,C0448,new,Protein Shake,1,260,10,250,143.93,106.07
O01352,2026-02-25 23:09:44.438373,Ari,Ploy,C0423,active,Classic Burger,1,260,10,250,154.4,95.6
O00110,2026-02-25 23:15:44.438373,Siam,Tum,C0215,active,Protein Shake,2,440,0,440,198.84,241.16
O01691,2026-02-26 01:19:44.438373,Ari,Ploy,C0579,active,Craft Beer,3,360,30,330,198.87,131.13
O01955,2026-02-26 01:24:44.438373,Thonglor,Ploy,C0598,at_risk,Cocktail,2,180,10,170,95.83,74.17
O00480,2026-02-26 01:46:44.438373,Ari,Nok,C0149,at_risk,Protein Shake,1,260,0,260,116.45,143.55
O00517,2026-02-26 02:13:44.438373,Siam,Bank,C0613,new,Cocktail,2,240,20,220,107.36,112.64
O01031,2026-02-26 04:16:44.438373,Siam,Tum,C0484,active,Classic Burger,3,360,20,340,210.78,129.22
O01373,2026-02-26 05:39:44.438373,Siam,Jane,C0490,active,Cocktail,2,520,20,500,271.62,228.38
O00455,2026-02-26 06:58:44.438373,Ari,Bank,C0150,at_risk,Set Menu,1,260,0,260,156.29,103.71
O00415,2026-02-26 07:16:44.438373,Thonglor,Jane,C0645,at_risk,Classic Burger,1,260,0,260,124.31,135.69
O02190,2026-02-26 07:50:44.438373,Siam,Jane,C0420,active,Protein Shake,1,260,30,230,107.44,122.56
O01772,2026-02-26 07:51:44.438373,Thonglor,Mek,C0081,at_risk,Protein Shake,1,180,30,150,59.01,90.99
O01832,2026-02-26 07:55:44.438373,Thonglor,Tum,C0613,active,Protein Shake,3,780,20,760,450.55,309.45
O01339,2026-02-26 08:23:44.438373,Siam,Nok,C0050,at_risk,Classic Burger,2,520,0,520,202.33,317.67
O01137,2026-02-26 09:55:44.438373,Siam,Ploy,C0662,new,Set Menu,3,660,20,640,282.09,357.91
O00347,2026-02-26 10:37:44.438373,Thonglor,Nok,C0455,at_risk,Craft Beer,1,150,0,150,79.84,70.16
O01162,2026-02-26 13:23:44.438373,Ari,Mek,C0502,active,Protein Shake,2,440,20,420,162.28,257.72
O01654,2026-02-26 14:21:44.438373,Thonglor,Nok,C0127,active,Signature Latte,2,360,10,350,185.72,164.28
O01525,2026-02-26 15:47:44.438373,Siam,Ploy,C0171,active,Signature Latte,3,360,0,360,181.49,178.51
O01178,2026-02-26 16:54:44.438373,Thonglor,Mek,C0389,active,Cocktail,2,520,30,490,225.1,264.9
O01418,2026-02-26 18:02:44.438373,Thonglor,Mek,C0220,at_risk,Classic Burger,2,300,10,290,139.49,150.51
O02186,2026-02-26 18:40:44.438373,Ari,Nok,C0047,at_risk,Protein Shake,1,180,20,160,64.31,95.69
O00694,2026-02-26 19:26:44.438373,Siam,Bank,C0424,new,Cocktail,2,240,30,210,127.97,82.03
O00845,2026-02-26 19:43:44.438373,Siam,Jane,C0593,at_risk,Classic Burger,2,300,30,270,153.96,116.04
O00831,2026-02-26 19:47:44.438373,Siam,Bank,C0332,new,Signature Latte,2,440,0,440,246.2,193.8
O02241,2026-02-26 20:03:44.438373,Thonglor,Tum,C0002,active,Craft Beer,3,450,20,430,187.36,242.64
O01679,2026-02-26 20:28:44.438373,Ari,Jane,C0616,new,Set Menu,1,120,20,100,50.81,49.19
O01899,2026-02-26 21:26:44.438373,Ari,Mek,C0083,active,Craft Beer,1,150,20,130,57.89,72.11
O02372,2026-02-26 21:50:44.438373,Ari,Ploy,C0580,new,Set Menu,1,180,30,150,86.55,63.45
O01739,2026-02-26 22:33:44.438373,Thonglor,Jane,C0266,active,Craft Beer,2,240,10,230,125.49,104.51
O00390,2026-02-26 23:58:44.438373,Ari,Jane,C0168,new,Signature Latte,3,360,30,330,133.12,196.88
O00281,2026-02-27 01:13:44.438373,Thonglor,Tum,C0277,new,Craft Beer,1,220,0,220,126.86,93.14
O00298,2026-02-27 01:50:44.438373,Siam,Mek,C0449,active,Set Menu,2,360,0,360,215.2,144.8
O00375,2026-02-27 02:14:44.438373,Ari,Jane,C0099,active,Protein Shake,2,360,30,330,182.36,147.64
O01337,2026-02-27 02:45:44.438373,Ari,Nok,C0462,at_risk,Signature Latte,2,440,0,440,187.35,252.65
O00011,2026-02-27 07:32:44.438373,Ari,Mek,C0033,new,Cocktail,1,90,20,70,41.1,28.9
O01264,2026-02-27 08:16:44.438373,Siam,Tum,C0324,active,Signature Latte,1,150,30,120,63.51,56.49
O01271,2026-02-27 08:42:44.438373,Ari,Nok,C0261,active,Classic Burger,1,220,0,220,110.74,109.26
O02034,2026-02-27 08:43:44.438373,Siam,Mek,C0674,active,Cocktail,2,360,30,330,177.14,152.86
O00598,2026-02-27 08:46:44.438373,Siam,Bank,C0595,at_risk,Set Menu,1,260,10,250,109.91,140.09
O00857,2026-02-27 09:44:44.438373,Siam,Ploy,C0186,active,Set Menu,2,520,20,500,302.39,197.61
O02282,2026-02-27 10:09:44.438373,Thonglor,Tum,C0186,active,Signature Latte,2,240,20,220,89.74,130.26
O02438,2026-02-27 10:25:44.438373,Siam,Mek,C0402,new,Classic Burger,2,520,0,520,256.28,263.72
O01570,2026-02-27 10:39:44.438373,Thonglor,Bank,C0566,at_risk,Cocktail,2,520,0,520,252.21,267.79
O00965,2026-02-27 11:53:44.438373,Siam,Nok,C0100,new,Craft Beer,1,150,10,140,60.28,79.72
O01096,2026-02-27 12:58:44.438373,Ari,Nok,C0142,at_risk,Cocktail,1,180,0,180,79.63,100.37
O01788,2026-02-27 13:10:44.438373,Ari,Tum,C0626,at_risk,Protein Shake,1,180,30,150,91.74,58.26
O00433,2026-02-27 13:15:44.438373,Ari,Ploy,C0096,new,Protein Shake,2,300,20,280,154.97,125.03
O00192,2026-02-27 13:26:44.438373,Ari,Tum,C0494,at_risk,Protein Shake,2,440,0,440,178.72,261.28
O01340,2026-02-27 13:37:44.438373,Siam,Mek,C0164,at_risk,Craft Beer,3,780,0,780,402.29,377.71
O01059,2026-02-27 15:13:44.438373,Ari,Ploy,C0181,active,Signature Latte,1,120,0,120,56.69,63.31
O00049,2026-02-27 15:48:44.438373,Siam,Mek,C0115,active,Classic Burger,1,120,30,90,52.45,37.55
O00348,2026-02-27 16:02:44.438373,Ari,Ploy,C0100,active,Set Menu,2,360,0,360,155.12,204.88
O02350,2026-02-27 16:25:44.438373,Thonglor,Tum,C0438,active,Classic Burger,1,260,10,250,138.45,111.55
O02410,2026-02-27 16:32:44.438373,Siam,Mek,C0465,new,Set Menu,1,220,30,190,86.55,103.45
O02377,2026-02-27 19:21:44.438373,Siam,Tum,C0300,new,Classic Burger,2,440,30,410,181.09,228.91
O00973,2026-02-27 19:46:44.438373,Ari,Mek,C0121,new,Craft Beer,1,180,30,150,81.08,68.92
O01702,2026-02-27 20:04:44.438373,Thonglor,Nok,C0134,active,Cocktail,2,300,10,290,114.83,175.17
O00786,2026-02-27 20:24:44.438373,Thonglor,Jane,C0466,active,Cocktail,1,120,30,90,42.71,47.29
O02024,2026-02-27 20:46:44.438373,Ari,Nok,C0559,active,Signature Latte,2,360,0,360,154.47,205.53
O02031,2026-02-27 22:01:44.438373,Ari,Mek,C0539,active,Signature Latte,3,360,10,350,182.29,167.71
O02134,2026-02-27 22:07:44.438373,Siam,Tum,C0435,active,Craft Beer,3,360,10,350,148.05,201.95
O01060,2026-02-27 22:20:44.438373,Siam,Ploy,C0318,active,Protein Shake,1,90,0,90,42.33,47.67
O02425,2026-02-27 22:52:44.438373,Siam,Nok,C0321,active,Cocktail,2,360,20,340,174.46,165.54
O01037,2026-02-28 00:01:44.438373,Siam,Ploy,C0221,at_risk,Signature Latte,1,120,20,100,55.65,44.35
O01949,2026-02-28 00:04:44.438373,Siam,Jane,C0604,new,Craft Beer,1,90,0,90,34.56,55.44
O01265,2026-02-28 00:50:44.438373,Thonglor,Mek,C0642,active,Classic Burger,1,260,30,230,138.79,91.21
O00724,2026-02-28 01:36:44.438373,Ari,Ploy,C0210,new,Set Menu,2,180,0,180,100.88,79.12
O00953,2026-02-28 01:37:44.438373,Siam,Nok,C0486,active,Protein Shake,3,780,0,780,392.35,387.65
O02187,2026-02-28 02:25:44.438373,Ari,Mek,C0087,active,Craft Beer,2,300,0,300,152.84,147.16
O01081,2026-02-28 02:51:44.438373,Siam,Bank,C0040,active,Cocktail,2,520,30,490,283.26,206.74
O00243,2026-02-28 03:22:44.438373,Siam,Tum,C0235,active,Classic Burger,3,660,20,640,251.47,388.53
O02171,2026-02-28 04:00:44.438373,Thonglor,Mek,C0077,active,Signature Latte,1,260,30,230,116.56,113.44
O02366,2026-02-28 04:08:44.438373,Siam,Mek,C0179,active,Classic Burger,2,180,30,150,60.49,89.51
O00512,2026-02-28 04:59:44.438373,Siam,Mek,C0099,active,Set Menu,1,260,0,260,102.07,157.93
O01567,2026-02-28 05:41:44.438373,Siam,Jane,C0458,active,Set Menu,1,150,30,120,47.15,72.85
O02307,2026-02-28 05:52:44.438373,Thonglor,Ploy,C0404,active,Cocktail,1,150,30,120,69.34,50.66
O01424,2026-02-28 06:53:44.438373,Ari,Mek,C0420,active,Signature Latte,1,120,10,110,61.25,48.75
O00900,2026-02-28 06:59:44.438373,Siam,Nok,C0077,new,Classic Burger,1,220,20,200,83.63,116.37
O00678,2026-02-28 08:11:44.438373,Ari,Tum,C0132,at_risk,Signature Latte,1,260,0,260,136.1,123.9
O01604,2026-02-28 08:35:44.438373,Ari,Tum,C0561,new,Signature Latte,1,220,0,220,113.92,106.08
O01540,2026-02-28 08:46:44.438373,Siam,Tum,C0507,at_risk,Signature Latte,2,240,0,240,103.68,136.32
O01456,2026-02-28 09:50:44.438373,Ari,Mek,C0343,at_risk,Cocktail,2,240,10,230,91.02,138.98
O01636,2026-02-28 10:09:44.438373,Ari,Jane,C0230,active,Craft Beer,1,180,0,180,89.09,90.91
O01813,2026-02-28 11:00:44.438373,Siam,Bank,C0399,active,Protein Shake,1,150,0,150,60.7,89.3
O02101,2026-02-28 11:26:44.438373,Siam,Ploy,C0026,new,Craft Beer,1,90,30,60,36.41,23.59
O02258,2026-02-28 11:52:44.438373,Siam,Ploy,C0688,active,Set Menu,1,150,10,140,71.86,68.14
O01353,2026-02-28 12:20:44.438373,Thonglor,Tum,C0473,active,Signature Latte,2,240,10,230,134.48,95.52
O01810,2026-02-28 14:22:44.438373,Thonglor,Nok,C0458,at_risk,Protein Shake,2,180,0,180,69.91,110.09
O00078,2026-02-28 14:50:44.438373,Siam,Mek,C0534,new,Signature Latte,1,150,10,140,80.81,59.19
O01624,2026-02-28 15:14:44.438373,Siam,Ploy,C0133,active,Classic Burger,2,440,30,410,180.91,229.09
O02229,2026-02-28 15:52:44.438373,Ari,Tum,C0634,new,Signature Latte,2,440,0,440,179.62,260.38
O01531,2026-02-28 17:25:44.438373,Siam,Bank,C0372,at_risk,Cocktail,2,360,30,330,182.9,147.1
O01227,2026-02-28 18:02:44.438373,Siam,Nok,C0543,new,Craft Beer,2,240,0,240,138.73,101.27
O02051,2026-02-28 20:04:44.438373,Thonglor,Nok,C0186,active,Signature Latte,1,150,10,140,77.46,62.54
O02189,2026-02-28 20:21:44.438373,Siam,Ploy,C0431,active,Craft Beer,1,90,30,60,35.22,24.78
O00044,2026-02-28 21:22:44.438373,Ari,Nok,C0254,active,Craft Beer,2,240,0,240,119.52,120.48
O00275,2026-02-28 21:37:44.438373,Thonglor,Ploy,C0283,active,Cocktail,3,540,0,540,246.25,293.75
O00260,2026-03-01 00:27:44.438373,Siam,Nok,C0182,active,Classic Burger,1,150,0,150,85.09,64.91
O00801,2026-03-01 00:50:44.438373,Siam,Nok,C0555,new,Cocktail,1,120,0,120,58.85,61.15
O00355,2026-03-01 00:54:44.438373,Ari,Ploy,C0373,active,Classic Burger,1,120,20,100,53.4,46.6
O02084,2026-03-01 01:25:44.438373,Thonglor,Jane,C0699,new,Protein Shake,3,450,0,450,266.01,183.99
O01019,2026-03-01 01:35:44.438373,Ari,Mek,C0381,active,Signature Latte,1,220,0,220,130.16,89.84
O00137,2026-03-01 02:28:44.438373,Thonglor,Tum,C0029,at_risk,Set Menu,2,440,0,440,266.37,173.63
O01488,2026-03-01 06:12:44.438373,Siam,Jane,C0169,active,Set Menu,2,240,10,230,90.63,139.37
O00246,2026-03-01 07:23:44.438373,Ari,Nok,C0261,at_risk,Classic Burger,2,180,30,150,62.76,87.24
O02235,2026-03-01 07:36:44.438373,Ari,Nok,C0542,active,Protein Shake,1,120,0,120,47.87,72.13
O00165,2026-03-01 07:57:44.438373,Siam,Tum,C0495,active,Protein Shake,2,180,30,150,59.61,90.39
O01692,2026-03-01 08:16:44.438373,Thonglor,Nok,C0191,new,Signature Latte,2,360,20,340,131.85,208.15
O01119,2026-03-01 08:40:44.438373,Siam,Mek,C0096,active,Classic Burger,2,180,10,170,99.22,70.78
O01100,2026-03-01 12:46:44.438373,Siam,Nok,C0024,at_risk,Set Menu,1,220,30,190,72.34,117.66
O00428,2026-03-01 13:13:44.438373,Thonglor,Jane,C0505,at_risk,Signature Latte,1,260,20,240,131.36,108.64
O00401,2026-03-01 13:47:44.438373,Ari,Nok,C0481,active,Cocktail,2,240,10,230,108.0,122.0
O01923,2026-03-01 14:16:44.438373,Siam,Tum,C0371,at_risk,Signature Latte,1,90,10,80,43.9,36.1
O02271,2026-03-01 15:55:44.438373,Ari,Nok,C0345,active,Classic Burger,2,240,0,240,133.79,106.21
O02203,2026-03-01 16:20:44.438373,Siam,Nok,C0266,at_risk,Signature Latte,2,360,20,340,164.97,175.03
O01505,2026-03-01 16:34:44.438373,Siam,Tum,C0695,at_risk,Signature Latte,2,360,10,350,176.26,173.74
O00999,2026-03-01 16:43:44.438373,Siam,Tum,C0478,active,Signature Latte,1,260,20,240,137.04,102.96
O00025,2026-03-01 17:04:44.438373,Siam,Nok,C0304,at_risk,Set Menu,2,240,0,240,120.96,119.04
O02089,2026-03-01 18:02:44.438373,Ari,Mek,C0526,at_risk,Craft Beer,1,260,10,250,123.61,126.39
O00731,2026-03-01 20:10:44.438373,Ari,Nok,C0093,new,Classic Burger,3,540,20,520,221.24,298.76
O01153,2026-03-01 21:10:44.438373,Thonglor,Bank,C0217,active,Classic Burger,1,90,20,70,38.19,31.81
O02060,2026-03-01 21:38:44.438373,Siam,Tum,C0685,active,Set Menu,2,360,0,360,187.3,172.7
O01632,2026-03-01 22:07:44.438373,Ari,Bank,C0033,active,Protein Shake,1,120,0,120,53.53,66.47
O01333,2026-03-01 22:22:44.438373,Siam,Ploy,C0415,new,Set Menu,1,220,20,200,105.72,94.28
O01151,2026-03-01 23:04:44.438373,Ari,Mek,C0511,new,Craft Beer,3,660,10,650,317.52,332.48
O02427,2026-03-02 01:34:44.438373,Thonglor,Nok,C0403,active,Set Menu,1,120,0,120,73.46,46.54
O00653,2026-03-02 01:43:44.438373,Thonglor,Mek,C0012,at_risk,Craft Beer,2,520,0,520,318.63,201.37
O01025,2026-03-02 02:04:44.438373,Siam,Bank,C0303,at_risk,Cocktail,2,180,10,170,77.23,92.77
O01112,2026-03-02 03:14:44.438373,Ari,Tum,C0255,active,Protein Shake,2,300,0,300,182.59,117.41
O01874,2026-03-02 03:27:44.438373,Thonglor,Ploy,C0382,active,Signature Latte,1,220,30,190,86.43,103.57
O01825,2026-03-02 03:39:44.438373,Thonglor,Bank,C0401,new,Set Menu,1,120,20,100,48.92,51.08
O00422,2026-03-02 03:52:44.438373,Siam,Bank,C0674,active,Classic Burger,1,150,0,150,69.75,80.25
O02420,2026-03-02 03:54:44.438373,Ari,Mek,C0537,new,Signature Latte,2,300,10,290,175.86,114.14
O00209,2026-03-02 04:45:44.438373,Thonglor,Ploy,C0073,active,Protein Shake,2,520,20,500,200.28,299.72
O00647,2026-03-02 09:53:44.438373,Thonglor,Bank,C0078,active,Craft Beer,2,300,10,290,144.47,145.53
O01626,2026-03-02 12:36:44.438373,Ari,Mek,C0566,active,Set Menu,2,180,30,150,67.42,82.58
O02013,2026-03-02 13:14:44.438373,Ari,Tum,C0441,active,Cocktail,2,440,30,410,185.83,224.17
O00221,2026-03-02 13:50:44.438373,Thonglor,Tum,C0025,active,Craft Beer,3,780,30,750,342.16,407.84
O01036,2026-03-02 15:23:44.438373,Ari,Mek,C0482,active,Protein Shake,3,660,20,640,336.68,303.32
O00248,2026-03-02 15:34:44.438373,Thonglor,Mek,C0566,at_risk,Cocktail,2,180,20,160,80.93,79.07
O01169,2026-03-02 16:06:44.438373,Siam,Nok,C0595,new,Set Menu,1,220,0,220,98.74,121.26
O00555,2026-03-02 16:46:44.438373,Ari,Mek,C0673,new,Set Menu,1,120,0,120,53.16,66.84
O00339,2026-03-02 19:59:44.438373,Siam,Tum,C0260,new,Craft Beer,2,520,20,500,226.38,273.62
O00486,2026-03-02 20:32:44.438373,Siam,Ploy,C0460,at_risk,Classic Burger,1,220,10,210,117.96,92.04
O01123,2026-03-02 20:47:44.438373,Thonglor,Mek,C0656,at_risk,Craft Beer,1,90,30,60,29.7,30.3
O00625,2026-03-02 21:34:44.438373,Ari,Mek,C0452,at_risk,Protein Shake,1,150,20,130,68.3,61.7
O00100,2026-03-03 01:43:44.438373,Thonglor,Bank,C0216,active,Set Menu,2,300,0,300,138.63,161.37
O01126,2026-03-03 01:52:44.438373,Thonglor,Jane,C0333,at_risk,Signature Latte,2,180,20,160,76.12,83.88
O01401,2026-03-03 02:04:44.438373,Ari,Bank,C0645,active,Signature Latte,2,300,20,280,126.62,153.38
O00859,2026-03-03 05:09:44.438373,Thonglor,Bank,C0268,active,Protein Shake,3,660,10,650,331.37,318.63
O02286,2026-03-03 05:14:44.438373,Ari,Bank,C0058,at_risk,Set Menu,3,450,0,450,240.66,209.34
O00052,2026-03-03 05:17:44.438373,Thonglor,Ploy,C0273,active,Classic Burger,2,360,0,360,195.54,164.46
O01574,2026-03-03 06:51:44.438373,Thonglor,Jane,C0394,active,Craft Beer,2,240,30,210,84.97,125.03
O01677,2026-03-03 07:50:44.438373,Siam,Jane,C0034,active,Set Menu,1,260,20,240,106.48,133.52
O02338,2026-03-03 09:38:44.438373,Thonglor,Tum,C0267,at_risk,Classic Burger,1,150,20,130,63.53,66.47
O00626,2026-03-03 10:07:44.438373,Thonglor,Tum,C0340,active,Set Menu,1,120,30,90,43.86,46.14
O01537,2026-03-03 10:18:44.438373,Thonglor,Jane,C0257,new,Cocktail,3,540,10,530,302.17,227.83
O00332,2026-03-03 10:30:44.438373,Thonglor,Bank,C0128,at_risk,Signature Latte,2,180,30,150,57.2,92.8
O00438,2026-03-03 10:59:44.438373,Ari,Bank,C0650,active,Signature Latte,1,90,30,60,25.89,34.11
O01130,2026-03-03 11:53:44.438373,Ari,Ploy,C0424,active,Classic Burger,2,440,10,430,252.52,177.48
O00637,2026-03-03 12:37:44.438373,Siam,Jane,C0557,active,Signature Latte,1,220,0,220,93.92,126.08
O00387,2026-03-03 12:52:44.438373,Thonglor,Jane,C0073,active,Cocktail,2,520,0,520,231.8,288.2
O00467,2026-03-03 13:12:44.438373,Thonglor,Tum,C0589,active,Craft Beer,1,260,30,230,136.52,93.48
O00901,2026-03-03 14:10:44.438373,Thonglor,Jane,C0368,new,Signature Latte,1,120,30,90,51.74,38.26
O00468,2026-03-03 14:35:44.438373,Siam,Ploy,C0486,new,Classic Burger,3,540,20,520,266.57,253.43
O01773,2026-03-03 15:00:44.438373,Siam,Jane,C0624,active,Craft Beer,1,220,30,190,85.19,104.81
O01775,2026-03-03 16:27:44.438373,Thonglor,Jane,C0476,at_risk,Protein Shake,1,220,30,190,78.09,111.91
O00274,2026-03-03 18:01:44.438373,Thonglor,Tum,C0104,active,Classic Burger,1,180,30,150,79.84,70.16
O01551,2026-03-03 21:12:44.438373,Ari,Bank,C0240,active,Set Menu,1,180,10,170,86.96,83.04
O00705,2026-03-03 21:55:44.438373,Siam,Bank,C0078,at_risk,Set Menu,1,260,30,230,128.22,101.78
O01709,2026-03-03 22:32:44.438373,Siam,Bank,C0527,active,Protein Shake,1,90,20,70,40.4,29.6
O00654,2026-03-03 22:59:44.438373,Ari,Nok,C0002,active,Protein Shake,2,300,10,290,153.59,136.41
O01133,2026-03-03 23:44:44.438373,Ari,Ploy,C0013,new,Craft Beer,1,90,20,70,30.19,39.81
O02026,2026-03-04 00:15:44.438373,Thonglor,Jane,C0173,active,Cocktail,3,450,0,450,213.69,236.31
O00434,2026-03-04 01:03:44.438373,Thonglor,Jane,C0504,active,Signature Latte,3,270,0,270,102.94,167.06
O01478,2026-03-04 01:20:44.438373,Ari,Tum,C0023,active,Craft Beer,2,360,0,360,193.18,166.82
O00617,2026-03-04 01:24:44.438373,Siam,Mek,C0618,active,Cocktail,3,450,0,450,228.78,221.22
O01127,2026-03-04 01:55:44.438373,Siam,Jane,C0551,new,Classic Burger,1,180,10,170,77.48,92.52
O02426,2026-03-04 02:27:44.438373,Siam,Bank,C0361,new,Protein Shake,2,440,0,440,171.96,268.04
O00722,2026-03-04 03:03:44.438373,Ari,Ploy,C0097,at_risk,Protein Shake,1,180,10,170,96.8,73.2
O01858,2026-03-04 03:17:44.438373,Thonglor,Nok,C0088,active,Craft Beer,1,260,20,240,147.8,92.2
O01246,2026-03-04 03:18:44.438373,Siam,Mek,C0563,active,Craft Beer,2,440,0,440,218.97,221.03
O01124,2026-03-04 03:44:44.438373,Ari,Tum,C0522,new,Set Menu,1,260,10,250,97.14,152.86
O00255,2026-03-04 05:35:44.438373,Thonglor,Nok,C0118,active,Signature Latte,2,180,10,170,97.3,72.7
O01965,2026-03-04 05:35:44.438373,Siam,Tum,C0111,active,Signature Latte,1,150,30,120,47.72,72.28
O01345,2026-03-04 05:46:44.438373,Thonglor,Mek,C0214,at_risk,Set Menu,2,240,10,230,130.28,99.72
O01655,2026-03-04 06:16:44.438373,Siam,Mek,C0670,at_risk,Set Menu,1,220,10,210,89.56,120.44
O02025,2026-03-04 06:39:44.438373,Siam,Jane,C0449,at_risk,Protein Shake,3,450,30,420,174.04,245.96
O00492,2026-03-04 07:06:44.438373,Ari,Nok,C0360,new,Cocktail,3,660,30,630,249.57,380.43
O01723,2026-03-04 08:21:44.438373,Ari,Tum,C0516,new,Set Menu,3,780,0,780,452.78,327.22
O01778,2026-03-04 09:01:44.438373,Siam,Bank,C0480,at_risk,Cocktail,1,90,30,60,25.99,34.01
O01399,2026-03-04 12:42:44.438373,Siam,Tum,C0182,active,Cocktail,2,300,0,300,126.48,173.52
O00477,2026-03-04 14:43:44.438373,Siam,Bank,C0481,at_risk,Signature Latte,1,180,10,170,95.35,74.65
O01881,2026-03-04 15:26:44.438373,Siam,Tum,C0165,active,Classic Burger,1,150,30,120,72.62,47.38
O00034,2026-03-04 16:22:44.438373,Siam,Mek,C0288,active,Craft Beer,1,260,0,260,156.83,103.17
O00890,2026-03-04 17:07:44.438373,Ari,Mek,C0568,at_risk,Protein Shake,2,300,0,300,179.49,120.51
O00540,2026-03-04 19:11:44.438373,Siam,Nok,C0608,new,Cocktail,2,440,20,420,182.35,237.65
O00743,2026-03-04 20:06:44.438373,Siam,Tum,C0619,at_risk,Set Menu,1,120,10,110,62.8,47.2
O01131,2026-03-04 21:13:44.438373,Thonglor,Nok,C0044,active,Set Menu,1,120,30,90,50.24,39.76
O01511,2026-03-04 21:27:44.438373,Thonglor,Mek,C0339,active,Craft Beer,1,180,0,180,69.11,110.89
O00721,2026-03-05 03:46:44.438373,Thonglor,Ploy,C0576,active,Set Menu,2,240,30,210,121.88,88.12
O00701,2026-03-05 05:20:44.438373,Thonglor,Nok,C0412,active,Protein Shake,1,220,20,200,109.13,90.87
O02211,2026-03-05 05:46:44.438373,Thonglor,Nok,C0223,active,Signature Latte,2,180,0,180,69.44,110.56
O00829,2026-03-05 06:16:44.438373,Siam,Tum,C0667,active,Classic Burger,1,260,0,260,160.62,99.38
O02100,2026-03-05 06:21:44.438373,Ari,Nok,C0005,at_risk,Cocktail,2,240,20,220,90.12,129.88
O00323,2026-03-05 06:26:44.438373,Ari,Mek,C0267,active,Classic Burger,2,520,10,510,210.0,300.0
O01359,2026-03-05 07:19:44.438373,Siam,Jane,C0003,active,Craft Beer,1,120,10,110,42.04,67.96
O02222,2026-03-05 07:54:44.438373,Siam,Bank,C0336,new,Protein Shake,2,440,10,430,256.93,173.07
O01726,2026-03-05 08:23:44.438373,Ari,Ploy,C0041,active,Cocktail,2,240,20,220,100.98,119.02
O00823,2026-03-05 10:28:44.438373,Ari,Jane,C0192,new,Classic Burger,2,360,30,330,203.02,126.98
O01216,2026-03-05 11:23:44.438373,Siam,Jane,C0204,new,Craft Beer,2,240,20,220,124.83,95.17
O01623,2026-03-05 11:30:44.438373,Siam,Ploy,C0208,active,Classic Burger,3,270,20,250,152.28,97.72
O00958,2026-03-05 12:32:44.438373,Ari,Mek,C0203,active,Cocktail,2,520,0,520,302.6,217.4
O00638,2026-03-05 13:31:44.438373,Thonglor,Ploy,C0620,new,Protein Shake,1,220,20,200,121.7,78.3
O00627,2026-03-05 14:15:44.438373,Siam,Mek,C0461,at_risk,Classic Burger,3,450,0,450,194.81,255.19
O02363,2026-03-05 14:34:44.438373,Siam,Ploy,C0028,active,Classic Burger,1,260,20,240,111.1,128.9
O00483,2026-03-05 15:02:44.438373,Siam,Ploy,C0210,at_risk,Signature Latte,2,360,10,350,159.2,190.8
O00792,2026-03-05 16:19:44.438373,Siam,Nok,C0232,active,Craft Beer,3,360,10,350,209.1,140.9
O01202,2026-03-05 16:49:44.438373,Siam,Jane,C0015,active,Craft Beer,3,450,10,440,249.03,190.97
O02463,2026-03-05 17:40:44.438373,Thonglor,Tum,C0477,at_risk,Set Menu,1,120,30,90,45.58,44.42
O01021,2026-03-05 18:13:44.438373,Siam,Bank,C0004,active,Cocktail,1,90,0,90,53.02,36.98
O00698,2026-03-05 18:38:44.438373,Siam,Ploy,C0096,active,Classic Burger,2,180,30,150,75.16,74.84
O01460,2026-03-05 20:02:44.438373,Thonglor,Nok,C0295,active,Cocktail,1,260,0,260,159.39,100.61
O00846,2026-03-05 22:08:44.438373,Thonglor,Tum,C0573,active,Signature Latte,3,660,30,630,323.26,306.74
O00822,2026-03-05 22:28:44.438373,Ari,Tum,C0180,active,Protein Shake,2,240,0,240,102.14,137.86
O00427,2026-03-05 22:51:44.438373,Ari,Jane,C0629,active,Craft Beer,1,150,0,150,81.24,68.76
O00152,2026-03-06 00:27:44.438373,Ari,Mek,C0224,new,Protein Shake,1,180,0,180,104.35,75.65
O00835,2026-03-06 00:56:44.438373,Siam,Jane,C0690,at_risk,Cocktail,2,520,10,510,274.19,235.81
O01379,2026-03-06 01:09:44.438373,Ari,Bank,C0659,active,Protein Shake,1,120,20,100,44.98,55.02
O01078,2026-03-06 02:46:44.438373,Siam,Jane,C0257,active,Cocktail,2,240,0,240,120.79,119.21
O01539,2026-03-06 05:02:44.438373,Thonglor,Nok,C0399,active,Craft Beer,2,240,20,220,127.19,92.81
O00571,2026-03-06 05:42:44.438373,Siam,Tum,C0420,active,Protein Shake,1,180,0,180,73.88,106.12
O00172,2026-03-06 06:35:44.438373,Siam,Jane,C0243,active,Cocktail,1,120,20,100,43.93,56.07
O01765,2026-03-06 06:42:44.438373,Thonglor,Bank,C0214,at_risk,Cocktail,2,360,0,360,148.97,211.03
O00779,2026-03-06 06:59:44.438373,Thonglor,Tum,C0681,new,Signature Latte,2,240,0,240,120.19,119.81
O01294,2026-03-06 08:48:44.438373,Thonglor,Jane,C0014,at_risk,Craft Beer,3,450,0,450,234.01,215.99
O00380,2026-03-06 09:22:44.438373,Siam,Tum,C0357,at_risk,Cocktail,3,270,0,270,140.86,129.14
O00261,2026-03-06 09:29:44.438373,Siam,Bank,C0618,active,Classic Burger,1,180,0,180,109.73,70.27
O00910,2026-03-06 10:52:44.438373,Siam,Nok,C0122,new,Craft Beer,1,220,20,200,108.44,91.56
O02452,2026-03-06 12:04:44.438373,Thonglor,Jane,C0449,new,Protein Shake,3,540,10,530,263.86,266.14
O00843,2026-03-06 13:48:44.438373,Thonglor,Mek,C0229,new,Signature Latte,2,360,20,340,203.88,136.12
O01255,2026-03-06 13:55:44.438373,Ari,Bank,C0376,new,Classic Burger,2,300,30,270,144.69,125.31
O00618,2026-03-06 14:11:44.438373,Thonglor,Ploy,C0474,active,Protein Shake,1,90,20,70,43.27,26.73
O01840,2026-03-06 16:21:44.438373,Siam,Ploy,C0366,active,Set Menu,1,180,0,180,83.75,96.25
O00735,2026-03-06 17:26:44.438373,Siam,Jane,C0578,new,Craft Beer,3,660,10,650,340.95,309.05
O00746,2026-03-06 17:32:44.438373,Ari,Tum,C0059,active,Craft Beer,1,90,0,90,37.73,52.27
O02423,2026-03-06 17:46:44.438373,Siam,Jane,C0227,new,Classic Burger,2,180,10,170,89.82,80.18
O00073,2026-03-06 19:04:44.438373,Thonglor,Ploy,C0103,new,Classic Burger,1,90,30,60,31.73,28.27
O01462,2026-03-06 20:08:44.438373,Siam,Tum,C0432,active,Set Menu,3,540,20,520,281.74,238.26
O02465,2026-03-06 20:21:44.438373,Siam,Jane,C0512,active,Classic Burger,2,440,30,410,169.12,240.88
O02165,2026-03-06 23:05:44.438373,Ari,Bank,C0115,active,Protein Shake,1,180,10,170,102.41,67.59
O01642,2026-03-06 23:56:44.438373,Siam,Bank,C0547,active,Cocktail,2,240,0,240,94.18,145.82
O01284,2026-03-07 02:09:44.438373,Thonglor,Tum,C0569,new,Cocktail,1,260,10,250,119.68,130.32
O01890,2026-03-07 02:59:44.438373,Siam,Jane,C0134,new,Classic Burger,2,180,10,170,104.69,65.31
O00860,2026-03-07 04:17:44.438373,Ari,Nok,C0128,active,Set Menu,2,180,30,150,75.89,74.11
O00309,2026-03-07 05:22:44.438373,Ari,Nok,C0294,at_risk,Cocktail,2,520,0,520,224.56,295.44
O01186,2026-03-07 05:25:44.438373,Siam,Jane,C0152,active,Cocktail,2,240,0,240,125.53,114.47
O01245,2026-03-07 05:33:44.438373,Thonglor,Jane,C0376,new,Classic Burger,1,90,30,60,25.01,34.99
O00692,2026-03-07 05:36:44.438373,Siam,Mek,C0275,at_risk,Cocktail,2,440,0,440,263.25,176.75
O00028,2026-03-07 07:18:44.438373,Siam,Mek,C0163,active,Signature Latte,1,90,30,60,26.89,33.11
O00880,2026-03-07 08:07:44.438373,Ari,Bank,C0188,at_risk,Craft Beer,1,120,0,120,59.48,60.52
O02246,2026-03-07 08:56:44.438373,Ari,Tum,C0385,active,Protein Shake,1,150,30,120,46.46,73.54
O02455,2026-03-07 12:20:44.438373,Siam,Nok,C0669,active,Set Menu,1,120,0,120,59.83,60.17
O00960,2026-03-07 13:34:44.438373,Siam,Bank,C0023,active,Cocktail,1,120,10,110,48.4,61.6
O00641,2026-03-07 14:00:44.438373,Thonglor,Tum,C0046,at_risk,Set Menu,1,120,10,110,67.82,42.18
O01996,2026-03-07 14:33:44.438373,Ari,Mek,C0593,new,Cocktail,1,150,20,130,51.79,78.21
O01589,2026-03-07 16:10:44.438373,Thonglor,Bank,C0209,active,Craft Beer,3,270,20,250,127.01,122.99
O01664,2026-03-07 16:27:44.438373,Siam,Nok,C0159,new,Cocktail,1,90,10,80,39.14,40.86
O02318,2026-03-07 16:36:44.438373,Siam,Ploy,C0163,new,Set Menu,1,120,0,120,48.56,71.44
O00591,2026-03-07 17:48:44.438373,Thonglor,Mek,C0189,active,Protein Shake,1,120,30,90,54.33,35.67
O01054,2026-03-07 18:21:44.438373,Ari,Nok,C0414,new,Craft Beer,1,220,30,190,77.58,112.42
O01696,2026-03-07 18:40:44.438373,Ari,Bank,C0334,at_risk,Protein Shake,1,220,20,200,109.36,90.64
O01578,2026-03-07 18:42:44.438373,Thonglor,Tum,C0376,at_risk,Craft Beer,2,180,0,180,84.17,95.83
O00176,2026-03-07 19:01:44.438373,Ari,Jane,C0512,active,Craft Beer,1,90,10,80,41.51,38.49
O01854,2026-03-07 19:51:44.438373,Ari,Tum,C0488,new,Cocktail,1,180,0,180,85.47,94.53
O00670,2026-03-07 20:26:44.438373,Siam,Jane,C0255,active,Set Menu,1,150,30,120,49.35,70.65
O00160,2026-03-07 21:32:44.438373,Siam,Ploy,C0507,active,Classic Burger,2,300,20,280,133.12,146.88
O00970,2026-03-07 21:54:44.438373,Ari,Mek,C0553,at_risk,Protein Shake,3,270,0,270,134.82,135.18
O02143,2026-03-07 22:11:44.438373,Thonglor,Bank,C0381,at_risk,Set Menu,2,240,0,240,110.05,129.95
O01847,2026-03-07 22:36:44.438373,Thonglor,Nok,C0488,at_risk,Protein Shake,2,360,20,340,151.85,188.15
O02260,2026-03-07 23:48:44.438373,Thonglor,Mek,C0071,active,Signature Latte,3,780,0,780,301.33,478.67
O01805,2026-03-08 00:58:44.438373,Siam,Bank,C0671,active,Craft Beer,1,260,30,230,89.55,140.45
O01416,2026-03-08 01:11:44.438373,Thonglor,Tum,C0030,active,Classic Burger,2,240,20,220,98.12,121.88
O00167,2026-03-08 02:17:44.438373,Ari,Mek,C0002,active,Signature Latte,1,260,20,240,131.66,108.34
O00475,2026-03-08 02:37:44.438373,Siam,Jane,C0624,active,Protein Shake,1,220,0,220,92.61,127.39
O00763,2026-03-08 04:41:44.438373,Siam,Jane,C0412,active,Signature Latte,2,440,0,440,211.09,228.91
O01316,2026-03-08 07:41:44.438373,Ari,Mek,C0652,active,Cocktail,1,90,0,90,52.21,37.79
O02330,2026-03-08 07:58:44.438373,Thonglor,Mek,C0092,new,Protein Shake,1,180,20,160,91.4,68.6
O00449,2026-03-08 08:08:44.438373,Siam,Mek,C0695,active,Protein Shake,1,180,10,170,100.03,69.97
O02315,2026-03-08 08:41:44.438373,Thonglor,Bank,C0506,active,Craft Beer,2,180,0,180,104.79,75.21
O02497,2026-03-08 11:01:44.438373,Siam,Nok,C0525,new,Signature Latte,3,270,20,250,122.79,127.21
O00143,2026-03-08 11:20:44.438373,Thonglor,Tum,C0517,new,Signature Latte,1,90,0,90,34.99,55.01
O01910,2026-03-08 11:36:44.438373,Thonglor,Ploy,C0137,new,Signature Latte,2,520,10,510,206.72,303.28
O00969,2026-03-08 11:55:44.438373,Thonglor,Ploy,C0423,active,Set Menu,2,180,30,150,88.27,61.73
O01480,2026-03-08 11:56:44.438373,Thonglor,Nok,C0010,new,Classic Burger,2,240,30,210,104.43,105.57
O00660,2026-03-08 12:33:44.438373,Thonglor,Nok,C0180,active,Set Menu,1,120,0,120,59.03,60.97
O02036,2026-03-08 13:25:44.438373,Thonglor,Ploy,C0697,active,Set Menu,2,240,0,240,136.38,103.62
O01492,2026-03-08 13:26:44.438373,Siam,Tum,C0320,active,Signature Latte,2,520,30,490,243.79,246.21
O00921,2026-03-08 14:30:44.438373,Ari,Nok,C0351,active,Set Menu,1,180,0,180,108.28,71.72
O02257,2026-03-08 15:27:44.438373,Ari,Bank,C0538,active,Set Menu,1,120,0,120,54.01,65.99
O00506,2026-03-08 15:55:44.438373,Siam,Jane,C0006,active,Craft Beer,2,440,0,440,192.24,247.76
O01393,2026-03-08 16:57:44.438373,Thonglor,Mek,C0244,active,Signature Latte,1,220,0,220,97.41,122.59
O01524,2026-03-08 19:31:44.438373,Ari,Jane,C0455,at_risk,Craft Beer,1,90,20,70,27.22,42.78
O02369,2026-03-08 19:40:44.438373,Ari,Bank,C0290,new,Craft Beer,2,440,30,410,233.32,176.68
O00629,2026-03-08 19:42:44.438373,Ari,Jane,C0546,active,Signature Latte,3,780,30,750,346.67,403.33
O00140,2026-03-08 20:38:44.438373,Siam,Bank,C0140,at_risk,Set Menu,1,220,0,220,89.38,130.62
O00639,2026-03-08 22:36:44.438373,Ari,Mek,C0154,active,Signature Latte,2,440,10,430,172.39,257.61
O02351,2026-03-08 22:39:44.438373,Thonglor,Bank,C0133,at_risk,Signature Latte,3,540,20,520,283.3,236.7
O02396,2026-03-08 23:43:44.438373,Thonglor,Nok,C0550,active,Protein Shake,1,220,0,220,106.48,113.52
O02473,2026-03-08 23:55:44.438373,Ari,Mek,C0136,active,Protein Shake,1,90,0,90,40.09,49.91
O01966,2026-03-09 00:32:44.438373,Siam,Tum,C0068,new,Protein Shake,3,660,20,640,336.29,303.71
O01217,2026-03-09 00:41:44.438373,Siam,Nok,C0115,active,Signature Latte,1,150,10,140,82.64,57.36
O00623,2026-03-09 01:13:44.438373,Thonglor,Jane,C0321,at_risk,Protein Shake,1,150,0,150,63.84,86.16
O00909,2026-03-09 02:47:44.438373,Siam,Jane,C0583,active,Set Menu,1,90,10,80,43.1,36.9
O01156,2026-03-09 03:55:44.438373,Thonglor,Mek,C0360,new,Cocktail,3,660,20,640,328.25,311.75
O00098,2026-03-09 05:55:44.438373,Siam,Jane,C0289,active,Protein Shake,3,450,10,440,202.57,237.43
O01648,2026-03-09 06:01:44.438373,Siam,Nok,C0441,active,Set Menu,1,220,0,220,92.71,127.29
O02138,2026-03-09 06:20:44.438373,Siam,Bank,C0479,active,Craft Beer,1,260,20,240,117.74,122.26
O00404,2026-03-09 07:21:44.438373,Siam,Bank,C0083,at_risk,Classic Burger,1,90,30,60,31.19,28.81
O01594,2026-03-09 12:16:44.438373,Siam,Jane,C0152,active,Cocktail,1,90,10,80,41.9,38.1
O00226,2026-03-09 12:46:44.438373,Siam,Jane,C0420,active,Craft Beer,2,360,0,360,156.9,203.1
O00693,2026-03-09 14:20:44.438373,Siam,Mek,C0575,active,Protein Shake,1,120,10,110,55.99,54.01
O01386,2026-03-09 16:21:44.438373,Siam,Bank,C0178,new,Signature Latte,2,360,20,340,140.08,199.92
O00481,2026-03-09 17:08:44.438373,Siam,Bank,C0550,at_risk,Protein Shake,2,300,0,300,161.04,138.96
O00095,2026-03-09 17:10:44.438373,Siam,Jane,C0379,active,Cocktail,2,520,20,500,209.64,290.36
O00046,2026-03-09 19:33:44.438373,Thonglor,Mek,C0497,at_risk,Protein Shake,2,440,20,420,221.68,198.32
O02015,2026-03-09 19:44:44.438373,Siam,Ploy,C0334,active,Craft Beer,1,220,0,220,134.27,85.73
O02449,2026-03-09 19:57:44.438373,Ari,Tum,C0189,active,Craft Beer,1,120,0,120,51.94,68.06
O01000,2026-03-09 20:34:44.438373,Ari,Jane,C0279,active,Craft Beer,2,520,20,500,223.54,276.46
O01927,2026-03-09 22:14:44.438373,Ari,Mek,C0220,at_risk,Classic Burger,2,360,20,340,167.28,172.72
O02270,2026-03-10 03:03:44.438373,Thonglor,Jane,C0272,active,Classic Burger,2,360,0,360,145.63,214.37
O02472,2026-03-10 03:26:44.438373,Siam,Jane,C0072,new,Classic Burger,1,120,10,110,43.39,66.61
O01355,2026-03-10 03:55:44.438373,Siam,Jane,C0142,new,Cocktail,2,520,30,490,254.59,235.41
O02272,2026-03-10 04:59:44.438373,Siam,Mek,C0463,at_risk,Craft Beer,1,120,20,100,58.12,41.88
O00810,2026-03-10 05:36:44.438373,Ari,Tum,C0290,active,Craft Beer,2,300,10,290,137.39,152.61
O01449,2026-03-10 06:35:44.438373,Siam,Nok,C0344,active,Classic Burger,1,220,10,210,104.29,105.71
O00217,2026-03-10 07:23:44.438373,Thonglor,Ploy,C0143,at_risk,Set Menu,1,180,0,180,90.68,89.32
O01557,2026-03-10 08:12:44.438373,Thonglor,Ploy,C0513,active,Craft Beer,1,120,20,100,48.77,51.23
O01473,2026-03-10 09:18:44.438373,Siam,Ploy,C0103,at_risk,Cocktail,2,300,10,290,165.83,124.17
O00311,2026-03-10 10:07:44.438373,Thonglor,Ploy,C0560,new,Protein Shake,1,150,20,130,67.47,62.53
O00646,2026-03-10 11:17:44.438373,Siam,Nok,C0254,new,Craft Beer,1,120,0,120,55.91,64.09
O01761,2026-03-10 13:08:44.438373,Thonglor,Nok,C0681,new,Cocktail,3,540,10,530,255.08,274.92
O01676,2026-03-10 15:43:44.438373,Siam,Jane,C0486,active,Classic Burger,1,180,10,170,89.97,80.03
O00080,2026-03-10 16:19:44.438373,Thonglor,Nok,C0253,at_risk,Cocktail,3,450,30,420,159.86,260.14
O00607,2026-03-10 16:52:44.438373,Thonglor,Jane,C0256,new,Signature Latte,1,260,30,230,103.86,126.14
O00967,2026-03-10 17:22:44.438373,Ari,Tum,C0600,active,Set Menu,2,300,30,270,160.44,109.56
O00931,2026-03-10 17:44:44.438373,Siam,Mek,C0685,at_risk,Craft Beer,2,300,10,290,166.42,123.58
O02317,2026-03-10 18:24:44.438373,Siam,Ploy,C0490,active,Set Menu,1,180,0,180,71.93,108.07
O02254,2026-03-10 19:00:44.438373,Siam,Nok,C0163,active,Craft Beer,3,780,0,780,390.19,389.81
O02400,2026-03-10 19:38:44.438373,Thonglor,Bank,C0078,new,Signature Latte,2,440,20,420,222.86,197.14
O01786,2026-03-10 20:00:44.438373,Siam,Tum,C0146,active,Signature Latte,1,120,10,110,68.08,41.92
O00364,2026-03-10 21:25:44.438373,Siam,Ploy,C0333,active,Classic Burger,2,440,10,430,232.99,197.01
O00496,2026-03-10 22:56:44.438373,Siam,Nok,C0166,active,Cocktail,2,520,0,520,238.56,281.44
O00535,2026-03-10 23:24:44.438373,Thonglor,Bank,C0530,active,Set Menu,2,360,0,360,163.4,196.6
O02088,2026-03-11 01:04:44.438373,Thonglor,Mek,C0663,at_risk,Set Menu,2,360,20,340,173.0,167.0
O02099,2026-03-11 02:13:44.438373,Siam,Nok,C0124,new,Protein Shake,2,240,10,230,100.15,129.85
O01295,2026-03-11 02:30:44.438373,Thonglor,Ploy,C0635,at_risk,Cocktail,2,440,20,420,177.73,242.27
O00797,2026-03-11 03:28:44.438373,Thonglor,Jane,C0274,new,Craft Beer,1,180,0,180,73.08,106.92
O02020,2026-03-11 04:02:44.438373,Thonglor,Bank,C0419,active,Craft Beer,1,120,0,120,74.32,45.68
O02236,2026-03-11 04:47:44.438373,Thonglor,Mek,C0214,new,Cocktail,3,450,30,420,209.14,210.86
O02486,2026-03-11 06:46:44.438373,Thonglor,Nok,C0174,at_risk,Cocktail,2,360,10,350,186.67,163.33
O00959,2026-03-11 07:09:44.438373,Ari,Tum,C0476,at_risk,Protein Shake,1,90,30,60,25.44,34.56
O01746,2026-03-11 07:32:44.438373,Thonglor,Mek,C0518,new,Cocktail,1,90,30,60,25.54,34.46
O00563,2026-03-11 07:46:44.438373,Siam,Ploy,C0422,active,Signature Latte,1,180,30,150,61.19,88.81
O01848,2026-03-11 07:51:44.438373,Thonglor,Ploy,C0589,at_risk,Craft Beer,2,180,10,170,73.14,96.86
O00833,2026-03-11 08:32:44.438373,Thonglor,Nok,C0096,active,Classic Burger,1,260,0,260,108.59,151.41
O00814,2026-03-11 09:30:44.438373,Siam,Nok,C0236,active,Set Menu,1,260,0,260,156.73,103.27
O01590,2026-03-11 09:36:44.438373,Siam,Mek,C0303,active,Cocktail,2,360,30,330,154.82,175.18
O02146,2026-03-11 09:51:44.438373,Thonglor,Tum,C0302,new,Signature Latte,1,260,10,250,118.73,131.27
O02310,2026-03-11 10:45:44.438373,Ari,Tum,C0126,new,Cocktail,1,260,0,260,108.87,151.13
O01474,2026-03-11 11:03:44.438373,Siam,Ploy,C0038,active,Signature Latte,1,120,20,100,56.2,43.8
O01519,2026-03-11 11:19:44.438373,Thonglor,Nok,C0098,new,Protein Shake,3,360,30,330,200.6,129.4
O00303,2026-03-11 11:21:44.438373,Siam,Jane,C0602,at_risk,Craft Beer,2,440,30,410,215.62,194.38
O02250,2026-03-11 11:48:44.438373,Ari,Jane,C0390,active,Protein Shake,2,240,30,210,102.49,107.51
O00051,2026-03-11 12:23:44.438373,Ari,Mek,C0096,active,Cocktail,2,180,10,170,105.01,64.99
O00912,2026-03-11 12:31:44.438373,Ari,Ploy,C0300,at_risk,Signature Latte,1,90,30,60,31.49,28.51
O00795,2026-03-11 14:05:44.438373,Siam,Jane,C0677,at_risk,Craft Beer,2,520,10,510,212.31,297.69
O00444,2026-03-11 14:13:44.438373,Siam,Tum,C0550,new,Classic Burger,2,440,0,440,256.42,183.58
O02279,2026-03-11 14:22:44.438373,Ari,Mek,C0202,at_risk,Signature Latte,2,300,10,290,115.66,174.34
O00947,2026-03-11 16:32:44.438373,Thonglor,Nok,C0145,active,Classic Burger,1,150,20,130,60.29,69.71
O00718,2026-03-11 18:24:44.438373,Thonglor,Nok,C0016,new,Protein Shake,1,120,10,110,60.06,49.94
O01471,2026-03-11 19:36:44.438373,Thonglor,Bank,C0528,at_risk,Classic Burger,1,150,10,140,84.01,55.99
O02124,2026-03-11 20:11:44.438373,Thonglor,Tum,C0509,active,Protein Shake,2,360,0,360,170.14,189.86
O00526,2026-03-11 20:28:44.438373,Thonglor,Nok,C0559,active,Craft Beer,1,180,0,180,106.84,73.16
O01853,2026-03-11 20:35:44.438373,Ari,Jane,C0080,new,Cocktail,1,260,0,260,110.11,149.89
O00685,2026-03-11 20:39:44.438373,Siam,Nok,C0604,at_risk,Cocktail,1,120,10,110,67.77,42.23
O00682,2026-03-11 21:38:44.438373,Ari,Jane,C0333,active,Set Menu,2,360,30,330,157.21,172.79
O00168,2026-03-11 22:02:44.438373,Siam,Mek,C0166,active,Cocktail,3,270,30,240,95.73,144.27
O01523,2026-03-11 23:14:44.438373,Ari,Jane,C0257,new,Set Menu,1,180,30,150,79.44,70.56
O02011,2026-03-11 23:39:44.438373,Thonglor,Tum,C0450,active,Craft Beer,2,360,10,350,164.19,185.81
O00071,2026-03-11 23:44:44.438373,Ari,Mek,C0348,active,Craft Beer,2,440,20,420,182.65,237.35
O01226,2026-03-12 01:33:44.438373,Thonglor,Tum,C0150,active,Classic Burger,1,120,30,90,37.46,52.54
O00256,2026-03-12 02:11:44.438373,Thonglor,Bank,C0075,at_risk,Craft Beer,2,360,10,350,190.62,159.38
O01889,2026-03-12 03:09:44.438373,Siam,Tum,C0139,active,Set Menu,3,270,30,240,98.72,141.28
O00934,2026-03-12 03:10:44.438373,Thonglor,Tum,C0114,at_risk,Craft Beer,2,300,20,280,115.21,164.79
O01306,2026-03-12 03:11:44.438373,Ari,Tum,C0694,active,Cocktail,1,90,20,70,37.62,32.38
O02332,2026-03-12 03:33:44.438373,Thonglor,Tum,C0665,active,Protein Shake,1,150,30,120,50.98,69.02
O00772,2026-03-12 04:44:44.438373,Siam,Ploy,C0664,new,Cocktail,1,90,10,80,37.43,42.57
O02424,2026-03-12 04:49:44.438373,Ari,Jane,C0022,active,Signature Latte,2,180,10,170,93.42,76.58
O01317,2026-03-12 05:12:44.438373,Thonglor,Nok,C0450,new,Signature Latte,1,180,0,180,87.64,92.36
O01760,2026-03-12 06:55:44.438373,Ari,Nok,C0681,new,Protein Shake,2,240,0,240,111.87,128.13
O01165,2026-03-12 09:05:44.438373,Siam,Ploy,C0201,active,Craft Beer,2,520,30,490,261.91,228.09
O01278,2026-03-12 10:30:44.438373,Siam,Tum,C0047,at_risk,Set Menu,1,180,0,180,110.43,69.57
O00402,2026-03-12 11:18:44.438373,Thonglor,Nok,C0595,new,Craft Beer,1,180,10,170,88.98,81.02
O00813,2026-03-12 11:25:44.438373,Ari,Mek,C0619,active,Classic Burger,1,150,10,140,59.6,80.4
O01503,2026-03-12 14:24:44.438373,Thonglor,Ploy,C0242,active,Classic Burger,2,240,0,240,142.73,97.27
O01191,2026-03-12 16:17:44.438373,Thonglor,Jane,C0515,active,Signature Latte,1,220,0,220,114.77,105.23
O01280,2026-03-12 16:34:44.438373,Thonglor,Mek,C0530,at_risk,Cocktail,3,660,30,630,282.96,347.04
O00741,2026-03-12 16:36:44.438373,Siam,Mek,C0455,active,Classic Burger,1,180,0,180,107.1,72.9
O00359,2026-03-12 17:27:44.438373,Thonglor,Jane,C0339,new,Set Menu,2,240,0,240,127.05,112.95
O01659,2026-03-12 17:34:44.438373,Siam,Ploy,C0216,at_risk,Protein Shake,1,220,30,190,107.09,82.91
O01952,2026-03-12 18:03:44.438373,Ari,Bank,C0367,active,Protein Shake,2,520,20,500,215.38,284.62
O00396,2026-03-12 18:18:44.438373,Ari,Bank,C0029,active,Craft Beer,2,520,10,510,289.92,220.08
O00511,2026-03-12 20:13:44.438373,Ari,Nok,C0586,at_risk,Signature Latte,3,270,20,250,102.83,147.17
O01748,2026-03-12 21:26:44.438373,Ari,Nok,C0601,active,Cocktail,3,660,0,660,292.86,367.14
O00065,2026-03-12 21:45:44.438373,Siam,Jane,C0041,active,Protein Shake,2,240,0,240,104.41,135.59
O00245,2026-03-12 22:44:44.438373,Thonglor,Ploy,C0630,active,Set Menu,2,440,10,430,241.64,188.36
O01298,2026-03-12 22:47:44.438373,Thonglor,Jane,C0599,active,Cocktail,1,180,0,180,69.88,110.12
O01634,2026-03-12 23:13:44.438373,Siam,Nok,C0508,at_risk,Set Menu,1,150,10,140,54.38,85.62
O00464,2026-03-12 23:23:44.438373,Siam,Mek,C0089,active,Protein Shake,1,90,0,90,51.96,38.04
O00144,2026-03-13 00:38:44.438373,Siam,Ploy,C0690,active,Signature Latte,1,180,0,180,91.08,88.92
O02185,2026-03-13 01:25:44.438373,Ari,Bank,C0047,at_risk,Craft Beer,1,120,10,110,43.0,67.0
O02074,2026-03-13 01:30:44.438373,Thonglor,Mek,C0032,active,Cocktail,1,90,30,60,23.34,36.66
O00976,2026-03-13 02:46:44.438373,Ari,Nok,C0408,at_risk,Craft Beer,1,150,0,150,69.77,80.23
O01913,2026-03-13 03:43:44.438373,Ari,Bank,C0046,at_risk,Craft Beer,3,540,30,510,300.1,209.9
O00197,2026-03-13 04:17:44.438373,Ari,Jane,C0407,active,Set Menu,1,260,0,260,143.45,116.55
O02403,2026-03-13 05:18:44.438373,Thonglor,Nok,C0142,new,Craft Beer,1,180,10,170,91.44,78.56
O00053,2026-03-13 06:37:44.438373,Siam,Bank,C0445,at_risk,Classic Burger,1,260,30,230,136.83,93.17
O02111,2026-03-13 09:34:44.438373,Ari,Mek,C0637,active,Signature Latte,1,150,0,150,80.62,69.38
O01646,2026-03-13 10:15:44.438373,Siam,Ploy,C0571,active,Cocktail,3,360,10,350,206.67,143.33
O02201,2026-03-13 10:39:44.438373,Ari,Jane,C0241,active,Classic Burger,1,220,0,220,108.48,111.52
O00543,2026-03-13 12:09:44.438373,Ari,Bank,C0073,at_risk,Protein Shake,1,220,10,210,85.83,124.17
O00840,2026-03-13 12:25:44.438373,Ari,Ploy,C0303,new,Craft Beer,2,300,10,290,143.78,146.22
O01262,2026-03-13 14:01:44.438373,Thonglor,Tum,C0378,active,Signature Latte,3,660,30,630,317.82,312.18
O01200,2026-03-13 14:43:44.438373,Thonglor,Bank,C0637,active,Set Menu,1,260,20,240,119.57,120.43
O01376,2026-03-13 15:13:44.438373,Siam,Bank,C0271,active,Signature Latte,1,90,10,80,37.27,42.73
O01006,2026-03-13 16:51:44.438373,Siam,Jane,C0631,at_risk,Set Menu,1,220,0,220,130.69,89.31
O00066,2026-03-13 17:23:44.438373,Ari,Jane,C0558,new,Cocktail,1,90,0,90,43.08,46.92
O00589,2026-03-13 18:03:44.438373,Ari,Nok,C0479,new,Signature Latte,1,180,0,180,80.64,99.36
O02113,2026-03-13 18:37:44.438373,Ari,Jane,C0026,at_risk,Craft Beer,3,450,0,450,225.6,224.4
O00726,2026-03-13 20:17:44.438373,Thonglor,Ploy,C0389,active,Set Menu,3,660,0,660,304.38,355.62
O02206,2026-03-13 21:57:44.438373,Ari,Mek,C0552,active,Classic Burger,1,220,30,190,108.8,81.2
O01380,2026-03-13 22:58:44.438373,Thonglor,Bank,C0357,active,Classic Burger,1,120,10,110,50.21,59.79
O02215,2026-03-13 23:42:44.438373,Thonglor,Ploy,C0092,active,Craft Beer,2,440,30,410,160.18,249.82
O01953,2026-03-14 00:03:44.438373,Ari,Bank,C0133,active,Cocktail,3,360,30,330,172.35,157.65
O01745,2026-03-14 00:15:44.438373,Ari,Tum,C0205,at_risk,Signature Latte,1,180,20,160,69.82,90.18
O01093,2026-03-14 02:13:44.438373,Ari,Bank,C0608,at_risk,Cocktail,1,90,10,80,37.66,42.34
O01845,2026-03-14 02:45:44.438373,Thonglor,Bank,C0329,at_risk,Classic Burger,3,660,20,640,379.66,260.34
O02371,2026-03-14 04:56:44.438373,Siam,Jane,C0430,active,Cocktail,3,360,0,360,219.1,140.9
O00112,2026-03-14 05:00:44.438373,Ari,Ploy,C0644,new,Set Menu,1,120,20,100,49.55,50.45
O00189,2026-03-14 05:18:44.438373,Siam,Mek,C0648,at_risk,Signature Latte,1,150,0,150,57.63,92.37
O01181,2026-03-14 07:56:44.438373,Thonglor,Tum,C0581,active,Classic Burger,1,120,0,120,72.4,47.6
O02163,2026-03-14 08:22:44.438373,Siam,Bank,C0105,active,Signature Latte,1,260,0,260,116.92,143.08
O01895,2026-03-14 09:02:44.438373,Ari,Nok,C0215,active,Set Menu,3,270,0,270,105.53,164.47
O00659,2026-03-14 09:28:44.438373,Thonglor,Mek,C0283,active,Signature Latte,1,180,0,180,88.13,91.87
O01189,2026-03-14 09:39:44.438373,Siam,Ploy,C0093,active,Protein Shake,1,260,10,250,115.01,134.99
O00213,2026-03-14 10:02:44.438373,Siam,Bank,C0648,at_risk,Cocktail,1,120,0,120,69.27,50.73
O01140,2026-03-14 11:30:44.438373,Siam,Mek,C0419,new,Protein Shake,2,440,10,430,210.07,219.93
O00201,2026-03-14 11:51:44.438373,Thonglor,Bank,C0452,new,Cocktail,2,180,0,180,76.4,103.6
O01851,2026-03-14 12:15:44.438373,Thonglor,Ploy,C0663,new,Craft Beer,1,260,0,260,159.83,100.17
O01884,2026-03-14 12:54:44.438373,Ari,Tum,C0254,active,Cocktail,2,440,0,440,264.31,175.69
O00620,2026-03-14 13:39:44.438373,Siam,Bank,C0611,active,Set Menu,1,90,10,80,38.62,41.38
O02073,2026-03-14 13:59:44.438373,Ari,Jane,C0246,active,Signature Latte,2,520,0,520,273.52,246.48
O02368,2026-03-14 15:15:44.438373,Thonglor,Mek,C0199,at_risk,Signature Latte,2,240,20,220,106.3,113.7
O01310,2026-03-14 15:27:44.438373,Siam,Ploy,C0633,new,Signature Latte,1,260,0,260,133.5,126.5
O00837,2026-03-14 18:30:44.438373,Siam,Bank,C0128,active,Signature Latte,2,300,10,290,113.06,176.94
O00628,2026-03-14 19:36:44.438373,Siam,Nok,C0069,new,Craft Beer,1,90,20,70,29.61,40.39
O01452,2026-03-14 20:35:44.438373,Siam,Bank,C0421,active,Classic Burger,1,120,0,120,69.63,50.37
O01431,2026-03-14 22:27:44.438373,Ari,Bank,C0012,at_risk,Classic Burger,1,180,0,180,68.51,111.49
O01103,2026-03-14 23:28:44.438373,Ari,Tum,C0373,active,Set Menu,2,300,0,300,161.89,138.11
O02301,2026-03-14 23:39:44.438373,Ari,Nok,C0690,active,Cocktail,2,360,20,340,194.68,145.32
O01931,2026-03-15 00:18:44.438373,Ari,Tum,C0239,active,Cocktail,1,180,30,150,75.33,74.67
O01792,2026-03-15 01:29:44.438373,Ari,Tum,C0543,new,Classic Burger,1,260,10,250,97.08,152.92
O01705,2026-03-15 02:30:44.438373,Thonglor,Mek,C0698,new,Classic Burger,3,450,0,450,229.78,220.22
O02230,2026-03-15 03:08:44.438373,Ari,Bank,C0598,active,Cocktail,1,120,30,90,49.84,40.16
O01983,2026-03-15 03:59:44.438373,Siam,Nok,C0498,active,Craft Beer,1,260,20,240,128.31,111.69
O00107,2026-03-15 04:06:44.438373,Ari,Ploy,C0529,active,Protein Shake,1,150,0,150,73.77,76.23
O01605,2026-03-15 04:09:44.438373,Thonglor,Nok,C0074,at_risk,Set Menu,2,360,0,360,195.79,164.21
O01559,2026-03-15 04:21:44.438373,Ari,Tum,C0508,new,Protein Shake,1,220,30,190,85.72,104.28
O01838,2026-03-15 05:24:44.438373,Ari,Ploy,C0689,active,Classic Burger,2,300,20,280,126.3,153.7
O00466,2026-03-15 09:14:44.438373,Ari,Nok,C0227,at_risk,Classic Burger,1,180,20,160,87.18,72.82
O02098,2026-03-15 10:51:44.438373,Siam,Tum,C0628,at_risk,Craft Beer,1,150,30,120,70.67,49.33
O00292,2026-03-15 11:37:44.438373,Thonglor,Jane,C0062,at_risk,Cocktail,1,90,30,60,31.34,28.66
O02381,2026-03-15 11:48:44.438373,Siam,Jane,C0205,active,Set Menu,2,240,10,230,122.05,107.95
O01561,2026-03-15 11:53:44.438373,Ari,Ploy,C0206,at_risk,Protein Shake,2,300,0,300,128.17,171.83
O01944,2026-03-15 12:54:44.438373,Siam,Bank,C0552,active,Craft Beer,3,660,0,660,397.26,262.74
O00038,2026-03-15 14:18:44.438373,Siam,Tum,C0054,active,Set Menu,3,360,0,360,139.44,220.56
O01647,2026-03-15 14:35:44.438373,Thonglor,Jane,C0369,active,Craft Beer,1,220,0,220,131.96,88.04
O02343,2026-03-15 14:56:44.438373,Siam,Ploy,C0484,at_risk,Set Menu,1,260,20,240,134.47,105.53
O01823,2026-03-15 15:20:44.438373,Siam,Jane,C0130,active,Craft Beer,1,150,0,150,73.05,76.95
O01902,2026-03-15 15:32:44.438373,Thonglor,Ploy,C0062,at_risk,Protein Shake,1,260,20,240,130.12,109.88
O01172,2026-03-15 16:36:44.438373,Siam,Nok,C0317,active,Set Menu,2,240,20,220,121.1,98.9
O00771,2026-03-15 17:06:44.438373,Thonglor,Jane,C0496,active,Classic Burger,2,300,20,280,173.33,106.67
O00541,2026-03-15 17:57:44.438373,Thonglor,Ploy,C0193,active,Set Menu,1,220,0,220,87.07,132.93
O02120,2026-03-15 18:06:44.438373,Ari,Ploy,C0538,at_risk,Set Menu,1,120,10,110,43.3,66.7
O01812,2026-03-15 18:24:44.438373,Thonglor,Mek,C0216,new,Craft Beer,1,120,0,120,46.76,73.24
O01385,2026-03-15 19:22:44.438373,Thonglor,Tum,C0304,at_risk,Set Menu,1,180,20,160,63.42,96.58
O01367,2026-03-15 20:26:44.438373,Ari,Bank,C0460,active,Cocktail,3,540,10,530,274.63,255.37
O01867,2026-03-15 21:26:44.438373,Ari,Nok,C0301,active,Cocktail,2,440,30,410,216.12,193.88
O02151,2026-03-15 22:05:44.438373,Thonglor,Ploy,C0202,active,Cocktail,1,150,0,150,78.66,71.34
O01695,2026-03-15 23:00:44.438373,Thonglor,Tum,C0176,at_risk,Cocktail,2,240,10,230,134.67,95.33
O01968,2026-03-16 00:26:44.438373,Siam,Tum,C0031,new,Craft Beer,1,180,10,170,100.44,69.56
O01118,2026-03-16 01:03:44.438373,Ari,Tum,C0501,new,Classic Burger,1,150,20,130,73.08,56.92
O02141,2026-03-16 01:13:44.438373,Thonglor,Ploy,C0314,at_risk,Set Menu,1,220,20,200,102.55,97.45
O01248,2026-03-16 01:27:44.438373,Ari,Nok,C0525,active,Protein Shake,1,180,30,150,67.04,82.96
O00867,2026-03-16 01:44:44.438373,Siam,Bank,C0285,active,Classic Burger,2,440,0,440,168.9,271.1
O00669,2026-03-16 02:26:44.438373,Ari,Jane,C0663,active,Set Menu,3,270,20,250,108.55,141.45
O00730,2026-03-16 04:12:44.438373,Ari,Jane,C0271,active,Craft Beer,2,360,0,360,189.14,170.86
O02354,2026-03-16 06:23:44.438373,Siam,Tum,C0415,at_risk,Signature Latte,3,450,30,420,251.11,168.89
O02334,2026-03-16 07:13:44.438373,Ari,Mek,C0012,active,Set Menu,2,180,30,150,83.12,66.88
O01672,2026-03-16 07:17:44.438373,Thonglor,Mek,C0320,active,Classic Burger,1,180,30,150,89.38,60.62
O00489,2026-03-16 10:11:44.438373,Thonglor,Nok,C0070,at_risk,Classic Burger,2,240,0,240,99.1,140.9
O00819,2026-03-16 10:25:44.438373,Siam,Jane,C0405,active,Set Menu,3,660,0,660,305.0,355.0
O01999,2026-03-16 10:47:44.438373,Siam,Nok,C0186,active,Cocktail,2,240,10,230,118.65,111.35
O01287,2026-03-16 11:11:44.438373,Siam,Mek,C0151,at_risk,Craft Beer,1,90,20,70,40.43,29.57
O00134,2026-03-16 11:29:44.438373,Siam,Ploy,C0620,new,Craft Beer,1,120,10,110,63.68,46.32
O00273,2026-03-16 11:36:44.438373,Siam,Bank,C0586,new,Classic Burger,1,150,10,140,68.02,71.98
O01821,2026-03-16 12:43:44.438373,Siam,Tum,C0133,active,Set Menu,1,220,30,190,97.22,92.78
O00023,2026-03-16 13:01:44.438373,Siam,Mek,C0511,active,Classic Burger,2,300,20,280,128.3,151.7
O01693,2026-03-16 13:11:44.438373,Ari,Jane,C0505,at_risk,Craft Beer,2,240,10,230,108.46,121.54
O01585,2026-03-16 13:50:44.438373,Siam,Ploy,C0017,active,Classic Burger,3,270,0,270,132.84,137.16
O02411,2026-03-16 14:25:44.438373,Siam,Bank,C0092,new,Set Menu,3,450,0,450,199.95,250.05
O01413,2026-03-16 16:27:44.438373,Siam,Mek,C0071,active,Signature Latte,1,260,20,240,100.01,139.99
O01074,2026-03-16 20:33:44.438373,Siam,Jane,C0093,active,Craft Beer,2,180,20,160,73.95,86.05
O01411,2026-03-16 21:23:44.438373,Siam,Bank,C0294,active,Protein Shake,3,540,30,510,239.64,270.36
O00667,2026-03-16 23:49:44.438373,Siam,Jane,C0517,new,Classic Burger,2,520,20,500,286.24,213.76
O01370,2026-03-17 02:32:44.438373,Thonglor,Bank,C0046,at_risk,Cocktail,3,360,20,340,203.13,136.87
O01937,2026-03-17 02:43:44.438373,Ari,Nok,C0111,at_risk,Cocktail,1,220,0,220,105.32,114.68
O02268,2026-03-17 02:46:44.438373,Siam,Bank,C0510,new,Cocktail,1,260,20,240,96.14,143.86
O00173,2026-03-17 04:17:44.438373,Ari,Mek,C0662,active,Signature Latte,2,440,30,410,220.62,189.38
O01618,2026-03-17 05:42:44.438373,Siam,Mek,C0568,new,Craft Beer,2,440,0,440,252.14,187.86
O02191,2026-03-17 06:21:44.438373,Thonglor,Jane,C0400,new,Protein Shake,1,120,10,110,43.68,66.32
O00278,2026-03-17 07:14:44.438373,Thonglor,Ploy,C0247,new,Set Menu,3,660,0,660,277.09,382.91
O00439,2026-03-17 10:31:44.438373,Ari,Tum,C0369,active,Cocktail,1,120,20,100,48.65,51.35
O00622,2026-03-17 11:00:44.438373,Thonglor,Ploy,C0568,active,Signature Latte,1,90,0,90,52.44,37.56
O00013,2026-03-17 11:10:44.438373,Ari,Mek,C0461,active,Signature Latte,2,240,10,230,116.25,113.75
O01888,2026-03-17 12:53:44.438373,Thonglor,Bank,C0413,at_risk,Classic Burger,1,260,0,260,110.27,149.73
O02306,2026-03-17 13:38:44.438373,Siam,Nok,C0123,active,Craft Beer,1,260,0,260,135.01,124.99
O00695,2026-03-17 13:42:44.438373,Siam,Bank,C0307,new,Set Menu,2,520,20,500,291.4,208.6
O01508,2026-03-17 13:47:44.438373,Siam,Tum,C0650,at_risk,Signature Latte,1,90,0,90,35.61,54.39
O02140,2026-03-17 13:56:44.438373,Siam,Jane,C0621,at_risk,Classic Burger,3,780,0,780,317.28,462.72
O02087,2026-03-17 15:13:44.438373,Siam,Bank,C0057,active,Cocktail,2,440,0,440,198.57,241.43
O00536,2026-03-17 17:28:44.438373,Siam,Tum,C0396,active,Set Menu,1,220,20,200,91.64,108.36
O00075,2026-03-17 18:11:44.438373,Thonglor,Bank,C0138,at_risk,Craft Beer,1,180,0,180,105.65,74.35
O00570,2026-03-17 19:11:44.438373,Siam,Ploy,C0208,at_risk,Signature Latte,1,260,0,260,139.08,120.92
O02033,2026-03-17 19:47:44.438373,Thonglor,Bank,C0585,new,Classic Burger,1,260,10,250,122.69,127.31
O01038,2026-03-17 20:04:44.438373,Ari,Mek,C0505,active,Signature Latte,2,360,30,330,132.71,197.29
O01454,2026-03-17 20:11:44.438373,Thonglor,Ploy,C0440,active,Classic Burger,1,260,0,260,155.06,104.94
O00913,2026-03-18 02:29:44.438373,Ari,Nok,C0365,active,Classic Burger,2,300,0,300,134.47,165.53
O00151,2026-03-18 03:05:44.438373,Siam,Mek,C0394,at_risk,Set Menu,2,300,30,270,159.1,110.9
O01989,2026-03-18 03:44:44.438373,Ari,Mek,C0403,at_risk,Protein Shake,1,260,30,230,89.64,140.36
O00716,2026-03-18 03:55:44.438373,Ari,Bank,C0369,at_risk,Set Menu,3,780,0,780,464.83,315.17
O00241,2026-03-18 05:31:44.438373,Siam,Bank,C0172,new,Cocktail,2,240,0,240,100.63,139.37
O00478,2026-03-18 07:18:44.438373,Thonglor,Tum,C0139,active,Signature Latte,1,260,20,240,113.07,126.93
O01799,2026-03-18 07:21:44.438373,Thonglor,Mek,C0694,new,Signature Latte,1,180,20,160,86.34,73.66
O00465,2026-03-18 07:37:44.438373,Thonglor,Bank,C0218,new,Craft Beer,1,120,30,90,55.57,34.43
O01670,2026-03-18 09:57:44.438373,Ari,Bank,C0624,active,Craft Beer,3,450,0,450,242.27,207.73
O00714,2026-03-18 10:25:44.438373,Siam,Tum,C0447,active,Signature Latte,1,150,10,140,68.3,71.7
O01908,2026-03-18 11:09:44.438373,Ari,Tum,C0581,new,Cocktail,2,440,0,440,238.66,201.34
O00601,2026-03-18 11:38:44.438373,Ari,Tum,C0328,at_risk,Cocktail,3,450,0,450,180.1,269.9
O00200,2026-03-18 15:29:44.438373,Ari,Nok,C0350,new,Classic Burger,3,360,0,360,160.35,199.65
O01091,2026-03-18 15:46:44.438373,Siam,Jane,C0500,at_risk,Set Menu,3,360,30,330,192.43,137.57
O00808,2026-03-18 15:50:44.438373,Siam,Tum,C0053,new,Classic Burger,2,240,20,220,126.33,93.67
O00656,2026-03-18 17:15:44.438373,Siam,Tum,C0679,at_risk,Signature Latte,3,360,30,330,189.17,140.83
O01779,2026-03-18 19:07:44.438373,Siam,Ploy,C0163,active,Craft Beer,3,780,0,780,360.09,419.91
O02367,2026-03-18 22:00:44.438373,Siam,Nok,C0379,active,Craft Beer,1,260,10,250,105.33,144.67
O00342,2026-03-18 22:21:44.438373,Siam,Nok,C0674,active,Classic Burger,2,360,10,350,202.44,147.56
O02045,2026-03-18 22:31:44.438373,Siam,Bank,C0012,at_risk,Signature Latte,1,260,10,250,121.1,128.9
O01250,2026-03-18 22:32:44.438373,Thonglor,Mek,C0178,at_risk,Signature Latte,2,240,10,230,131.6,98.4
O01678,2026-03-18 23:33:44.438373,Siam,Bank,C0241,active,Craft Beer,1,220,20,200,77.5,122.5
O00600,2026-03-18 23:50:44.438373,Siam,Mek,C0284,at_risk,Cocktail,1,260,10,250,125.63,124.37
O01581,2026-03-19 00:06:44.438373,Siam,Jane,C0516,active,Set Menu,2,180,0,180,79.48,100.52
O01837,2026-03-19 00:54:44.438373,Ari,Tum,C0377,active,Cocktail,3,660,0,660,408.5,251.5
O00232,2026-03-19 01:54:44.438373,Thonglor,Nok,C0425,active,Classic Burger,1,220,0,220,134.04,85.96
O01487,2026-03-19 02:50:44.438373,Siam,Bank,C0250,at_risk,Set Menu,1,180,20,160,73.06,86.94
O02107,2026-03-19 04:32:44.438373,Thonglor,Nok,C0371,active,Cocktail,2,240,0,240,113.18,126.82
O02341,2026-03-19 04:43:44.438373,Siam,Tum,C0445,active,Cocktail,1,150,20,130,53.72,76.28
O02415,2026-03-19 06:42:44.438373,Ari,Mek,C0239,active,Cocktail,2,360,10,350,212.66,137.34
O00082,2026-03-19 07:36:44.438373,Ari,Nok,C0631,active,Craft Beer,2,440,0,440,214.45,225.55
O00777,2026-03-19 08:36:44.438373,Ari,Ploy,C0343,active,Signature Latte,3,780,30,750,461.91,288.09
O02071,2026-03-19 08:39:44.438373,Thonglor,Ploy,C0689,at_risk,Classic Burger,1,150,0,150,82.82,67.18
O01266,2026-03-19 09:04:44.438373,Siam,Nok,C0272,active,Set Menu,2,520,20,500,219.7,280.3
O00360,2026-03-19 09:09:44.438373,Siam,Bank,C0102,active,Classic Burger,2,360,10,350,154.83,195.17
O00132,2026-03-19 09:19:44.438373,Thonglor,Mek,C0016,at_risk,Craft Beer,1,180,10,170,104.9,65.1
O02167,2026-03-19 10:01:44.438373,Siam,Jane,C0109,active,Signature Latte,1,180,0,180,93.38,86.62
O00351,2026-03-19 10:58:44.438373,Siam,Mek,C0398,active,Signature Latte,2,440,0,440,168.75,271.25
O02362,2026-03-19 11:29:44.438373,Siam,Mek,C0158,active,Protein Shake,1,220,20,200,89.57,110.43
O02178,2026-03-19 11:38:44.438373,Ari,Tum,C0112,active,Protein Shake,2,360,0,360,192.75,167.25
O01300,2026-03-19 11:42:44.438373,Thonglor,Bank,C0321,active,Craft Beer,2,520,30,490,197.93,292.07
O02105,2026-03-19 12:34:44.438373,Ari,Nok,C0552,active,Signature Latte,1,90,30,60,28.01,31.99
O01828,2026-03-19 14:07:44.438373,Siam,Ploy,C0028,active,Cocktail,1,120,10,110,46.71,63.29
O01948,2026-03-19 14:08:44.438373,Ari,Mek,C0068,new,Protein Shake,2,440,10,430,255.28,174.72
O00928,2026-03-19 14:53:44.438373,Siam,Mek,C0192,active,Protein Shake,2,300,0,300,131.23,168.77
O00787,2026-03-19 14:54:44.438373,Thonglor,Ploy,C0326,at_risk,Set Menu,1,90,0,90,54.39,35.61
O01489,2026-03-19 15:03:44.438373,Siam,Bank,C0465,active,Classic Burger,2,440,0,440,243.88,196.12
O00642,2026-03-19 15:15:44.438373,Siam,Mek,C0200,at_risk,Classic Burger,3,270,0,270,103.9,166.1
O00087,2026-03-19 15:36:44.438373,Ari,Jane,C0548,at_risk,Cocktail,3,780,0,780,311.42,468.58
O01673,2026-03-19 15:50:44.438373,Thonglor,Mek,C0483,at_risk,Protein Shake,2,180,0,180,85.78,94.22
O00799,2026-03-19 17:25:44.438373,Thonglor,Ploy,C0560,at_risk,Classic Burger,2,300,0,300,167.52,132.48
O01697,2026-03-19 17:29:44.438373,Siam,Jane,C0580,active,Classic Burger,1,220,30,190,117.69,72.31
O00133,2026-03-19 17:54:44.438373,Siam,Mek,C0477,active,Cocktail,3,360,30,330,183.3,146.7
O01997,2026-03-19 17:56:44.438373,Siam,Ploy,C0691,at_risk,Signature Latte,2,180,30,150,73.03,76.97
O00824,2026-03-19 18:44:44.438373,Ari,Jane,C0333,active,Classic Burger,1,120,0,120,61.17,58.83
O00587,2026-03-19 19:02:44.438373,Siam,Mek,C0439,active,Signature Latte,3,450,0,450,232.79,217.21
O00578,2026-03-19 19:14:44.438373,Ari,Tum,C0638,active,Cocktail,1,150,0,150,80.48,69.52
O00546,2026-03-19 19:54:44.438373,Thonglor,Ploy,C0207,active,Cocktail,2,180,20,160,85.83,74.17
O00392,2026-03-19 20:06:44.438373,Thonglor,Ploy,C0313,at_risk,Cocktail,2,360,20,340,152.87,187.13
O00032,2026-03-19 21:29:44.438373,Thonglor,Bank,C0037,at_risk,Signature Latte,2,520,30,490,219.08,270.92
O00482,2026-03-19 22:41:44.438373,Siam,Jane,C0308,active,Signature Latte,2,520,0,520,311.53,208.47
O00458,2026-03-19 23:01:44.438373,Ari,Bank,C0064,at_risk,Set Menu,2,520,20,500,231.7,268.3
O01729,2026-03-19 23:06:44.438373,Ari,Tum,C0066,active,Protein Shake,1,120,0,120,58.0,62.0
O00331,2026-03-19 23:40:44.438373,Thonglor,Tum,C0647,new,Classic Burger,1,150,0,150,81.37,68.63
O00785,2026-03-19 23:48:44.438373,Thonglor,Nok,C0153,new,Signature Latte,1,120,0,120,58.65,61.35
O01203,2026-03-20 02:20:44.438373,Thonglor,Mek,C0526,active,Set Menu,1,150,10,140,72.24,67.76
O01827,2026-03-20 02:33:44.438373,Siam,Mek,C0643,at_risk,Set Menu,1,260,30,230,127.98,102.02
O00537,2026-03-20 04:36:44.438373,Ari,Bank,C0610,active,Protein Shake,3,660,20,640,385.17,254.83
O02152,2026-03-20 04:37:44.438373,Siam,Mek,C0124,active,Classic Burger,1,90,0,90,46.69,43.31
O00035,2026-03-20 05:16:44.438373,Thonglor,Nok,C0246,active,Set Menu,1,120,0,120,54.89,65.11
O00955,2026-03-20 05:43:44.438373,Ari,Jane,C0322,active,Cocktail,3,360,20,340,166.23,173.77
O00529,2026-03-20 05:55:44.438373,Thonglor,Nok,C0361,active,Set Menu,2,180,30,150,73.71,76.29
O01470,2026-03-20 05:55:44.438373,Siam,Bank,C0690,active,Craft Beer,1,90,30,60,36.1,23.9
O02170,2026-03-20 06:59:44.438373,Ari,Jane,C0613,at_risk,Set Menu,3,450,10,440,187.61,252.39
O01554,2026-03-20 07:52:44.438373,Siam,Jane,C0007,new,Set Menu,3,660,30,630,328.5,301.5
O00131,2026-03-20 08:12:44.438373,Thonglor,Jane,C0374,active,Signature Latte,2,520,10,510,283.42,226.58
O01441,2026-03-20 10:48:44.438373,Ari,Ploy,C0289,new,Set Menu,1,180,0,180,107.18,72.82
O01803,2026-03-20 10:56:44.438373,Ari,Bank,C0561,active,Set Menu,1,260,10,250,103.35,146.65
O01325,2026-03-20 11:22:44.438373,Siam,Ploy,C0175,active,Cocktail,1,180,20,160,80.48,79.52
O01436,2026-03-20 12:34:44.438373,Siam,Bank,C0428,active,Craft Beer,2,520,0,520,264.04,255.96
O00929,2026-03-20 13:28:44.438373,Thonglor,Tum,C0538,at_risk,Set Menu,3,780,20,760,341.28,418.72
O02320,2026-03-20 14:59:44.438373,Siam,Ploy,C0668,at_risk,Craft Beer,2,300,0,300,137.34,162.66
O00728,2026-03-20 16:00:44.438373,Ari,Tum,C0090,active,Protein Shake,2,440,10,430,171.34,258.66
O00384,2026-03-20 16:13:44.438373,Siam,Tum,C0521,active,Craft Beer,1,120,0,120,46.2,73.8
O01685,2026-03-20 17:40:44.438373,Siam,Tum,C0278,at_risk,Protein Shake,1,150,20,130,74.73,55.27
O01233,2026-03-20 18:26:44.438373,Thonglor,Nok,C0165,at_risk,Cocktail,2,300,0,300,182.44,117.56
O01390,2026-03-20 19:06:44.438373,Ari,Nok,C0144,at_risk,Classic Burger,2,300,0,300,126.75,173.25
O00816,2026-03-20 20:11:44.438373,Siam,Ploy,C0199,at_risk,Cocktail,2,180,0,180,72.08,107.92
O02057,2026-03-21 02:02:44.438373,Siam,Tum,C0654,active,Set Menu,1,150,0,150,90.62,59.38
O00651,2026-03-21 02:30:44.438373,Ari,Tum,C0503,at_risk,Classic Burger,1,260,0,260,140.42,119.58
O01518,2026-03-21 04:04:44.438373,Thonglor,Jane,C0675,active,Cocktail,2,300,20,280,118.48,161.52
O02292,2026-03-21 04:13:44.438373,Ari,Bank,C0153,active,Signature Latte,2,360,0,360,182.52,177.48
O00834,2026-03-21 06:11:44.438373,Thonglor,Ploy,C0133,active,Craft Beer,1,120,0,120,60.44,59.56
O01453,2026-03-21 08:03:44.438373,Siam,Mek,C0340,active,Set Menu,2,440,10,430,244.27,185.73
O01430,2026-03-21 08:20:44.438373,Ari,Mek,C0193,active,Signature Latte,2,360,0,360,178.66,181.34
O01907,2026-03-21 09:17:44.438373,Siam,Mek,C0606,active,Craft Beer,1,220,30,190,104.05,85.95
O02019,2026-03-21 09:20:44.438373,Thonglor,Jane,C0473,active,Classic Burger,1,220,0,220,94.69,125.31
O01969,2026-03-21 09:27:44.438373,Thonglor,Mek,C0536,at_risk,Classic Burger,2,440,20,420,254.24,165.76
O01795,2026-03-21 11:49:44.438373,Thonglor,Ploy,C0330,active,Protein Shake,2,300,0,300,180.38,119.62
O01161,2026-03-21 12:04:44.438373,Siam,Bank,C0464,active,Craft Beer,1,260,30,230,138.78,91.22
O02155,2026-03-21 13:00:44.438373,Ari,Nok,C0004,active,Protein Shake,1,150,30,120,56.99,63.01
O00326,2026-03-21 14:32:44.438373,Ari,Mek,C0465,at_risk,Cocktail,1,260,10,250,125.68,124.32
O00975,2026-03-21 16:10:44.438373,Thonglor,Nok,C0643,active,Craft Beer,1,120,20,100,51.18,48.82
O00534,2026-03-21 16:53:44.438373,Siam,Bank,C0685,active,Cocktail,3,360,0,360,171.93,188.07
O00738,2026-03-21 18:18:44.438373,Thonglor,Bank,C0484,at_risk,Protein Shake,1,220,0,220,84.37,135.63
O02326,2026-03-21 18:45:44.438373,Thonglor,Tum,C0325,new,Signature Latte,1,90,0,90,50.76,39.24
O02297,2026-03-21 19:47:44.438373,Siam,Nok,C0207,at_risk,Signature Latte,2,300,10,290,161.41,128.59
O00696,2026-03-21 20:23:44.438373,Thonglor,Ploy,C0611,new,Signature Latte,1,150,20,130,53.56,76.44
O01420,2026-03-21 22:00:44.438373,Thonglor,Bank,C0412,active,Classic Burger,1,150,10,140,83.64,56.36
O02225,2026-03-22 00:16:44.438373,Siam,Tum,C0352,active,Set Menu,1,260,0,260,108.33,151.67
O00504,2026-03-22 00:28:44.438373,Thonglor,Ploy,C0103,active,Signature Latte,1,220,0,220,130.39,89.61
O00239,2026-03-22 00:38:44.438373,Siam,Ploy,C0488,new,Set Menu,1,120,0,120,54.88,65.12
O01614,2026-03-22 01:47:44.438373,Thonglor,Tum,C0419,active,Cocktail,1,220,10,210,118.22,91.78
O00293,2026-03-22 02:17:44.438373,Ari,Bank,C0684,new,Set Menu,1,150,0,150,77.64,72.36
O00394,2026-03-22 03:20:44.438373,Siam,Nok,C0069,new,Protein Shake,2,300,20,280,148.15,131.85
O01205,2026-03-22 05:53:44.438373,Thonglor,Jane,C0462,active,Craft Beer,3,660,0,660,398.87,261.13
O01928,2026-03-22 08:00:44.438373,Ari,Ploy,C0400,active,Craft Beer,2,180,30,150,59.67,90.33
O01777,2026-03-22 08:10:44.438373,Ari,Ploy,C0436,active,Craft Beer,1,90,10,80,34.46,45.54
O01663,2026-03-22 08:19:44.438373,Thonglor,Mek,C0155,new,Classic Burger,2,360,20,340,182.78,157.22
O02197,2026-03-22 09:47:44.438373,Thonglor,Jane,C0074,at_risk,Classic Burger,1,220,20,200,112.78,87.22
O00382,2026-03-22 10:20:44.438373,Siam,Tum,C0537,active,Protein Shake,1,220,30,190,91.47,98.53
O01728,2026-03-22 11:18:44.438373,Siam,Nok,C0008,at_risk,Protein Shake,1,260,30,230,101.07,128.93
O00666,2026-03-22 12:47:44.438373,Thonglor,Bank,C0258,new,Craft Beer,1,180,20,160,81.26,78.74
O00553,2026-03-22 13:52:44.438373,Siam,Nok,C0358,active,Set Menu,3,780,20,760,361.89,398.11
O00514,2026-03-22 14:48:44.438373,Siam,Mek,C0656,new,Classic Burger,1,90,10,80,37.94,42.06
O01939,2026-03-22 15:14:44.438373,Thonglor,Nok,C0416,active,Signature Latte,3,780,10,770,393.51,376.49
O01190,2026-03-22 16:40:44.438373,Ari,Bank,C0062,new,Set Menu,1,220,30,190,84.32,105.68
O00776,2026-03-22 19:01:44.438373,Thonglor,Ploy,C0347,new,Signature Latte,3,780,30,750,337.05,412.95
O00121,2026-03-22 20:52:44.438373,Siam,Jane,C0109,active,Set Menu,1,260,10,250,120.3,129.7
O00680,2026-03-22 21:00:44.438373,Siam,Tum,C0420,at_risk,Signature Latte,2,300,20,280,169.49,110.51
O01434,2026-03-22 23:43:44.438373,Siam,Mek,C0382,active,Set Menu,2,440,0,440,258.63,181.37
O01933,2026-03-23 00:43:44.438373,Thonglor,Bank,C0277,active,Classic Burger,1,260,30,230,123.39,106.61
O00712,2026-03-23 01:08:44.438373,Ari,Mek,C0353,active,Cocktail,2,180,0,180,97.01,82.99
O01576,2026-03-23 01:18:44.438373,Siam,Mek,C0047,active,Craft Beer,2,520,10,510,220.14,289.86
O02042,2026-03-23 01:27:44.438373,Ari,Mek,C0455,active,Classic Burger,2,520,30,490,197.84,292.16
O01756,2026-03-23 01:50:44.438373,Thonglor,Jane,C0160,active,Protein Shake,2,240,0,240,103.67,136.33
O00630,2026-03-23 01:56:44.438373,Thonglor,Jane,C0270,active,Cocktail,1,120,0,120,72.21,47.79
O01598,2026-03-23 02:27:44.438373,Siam,Mek,C0423,active,Set Menu,2,180,10,170,68.91,101.09
O00187,2026-03-23 04:10:44.438373,Ari,Tum,C0308,at_risk,Craft Beer,1,150,0,150,69.34,80.66
O01535,2026-03-23 04:46:44.438373,Siam,Nok,C0614,active,Signature Latte,3,360,30,330,139.07,190.93
O02078,2026-03-23 05:03:44.438373,Thonglor,Nok,C0001,at_risk,Set Menu,3,360,0,360,190.78,169.22
O01924,2026-03-23 05:22:44.438373,Siam,Tum,C0688,new,Craft Beer,3,270,20,250,145.54,104.46
O02275,2026-03-23 06:32:44.438373,Siam,Nok,C0609,active,Set Menu,2,520,0,520,275.03,244.97
O00502,2026-03-23 06:59:44.438373,Siam,Bank,C0187,new,Cocktail,1,260,30,230,91.27,138.73
O02094,2026-03-23 07:01:44.438373,Siam,Jane,C0220,active,Classic Burger,2,440,30,410,182.09,227.91
O00861,2026-03-23 07:34:44.438373,Thonglor,Tum,C0323,new,Protein Shake,1,180,0,180,101.07,78.93
O01975,2026-03-23 08:41:44.438373,Siam,Mek,C0532,active,Protein Shake,1,260,10,250,109.03,140.97
O02430,2026-03-23 08:49:44.438373,Ari,Tum,C0375,at_risk,Craft Beer,1,260,20,240,142.41,97.59
O02259,2026-03-23 10:37:44.438373,Siam,Bank,C0115,at_risk,Cocktail,3,540,20,520,214.75,305.25
O02491,2026-03-23 11:13:44.438373,Thonglor,Ploy,C0044,at_risk,Cocktail,3,780,20,760,427.83,332.17
O00989,2026-03-23 12:25:44.438373,Ari,Bank,C0393,active,Craft Beer,1,150,10,140,64.87,75.13
O00992,2026-03-23 13:14:44.438373,Ari,Mek,C0123,new,Set Menu,3,270,20,250,124.01,125.99
O00925,2026-03-23 13:14:44.438373,Ari,Tum,C0569,active,Protein Shake,2,520,10,510,243.99,266.01
O00882,2026-03-23 13:30:44.438373,Thonglor,Jane,C0619,new,Craft Beer,1,220,0,220,97.05,122.95
O00163,2026-03-23 13:46:44.438373,Siam,Nok,C0206,active,Cocktail,2,440,20,420,257.13,162.87
O00068,2026-03-23 14:11:44.438373,Thonglor,Nok,C0689,at_risk,Craft Beer,1,120,0,120,56.45,63.55
O00558,2026-03-23 14:14:44.438373,Ari,Ploy,C0187,active,Set Menu,1,180,20,160,94.54,65.46
O00453,2026-03-23 14:43:44.438373,Siam,Bank,C0434,at_risk,Protein Shake,3,360,0,360,209.15,150.85
O01769,2026-03-23 15:35:44.438373,Ari,Bank,C0669,active,Protein Shake,1,220,0,220,112.47,107.53
O01088,2026-03-23 17:11:44.438373,Siam,Jane,C0045,active,Classic Burger,1,150,10,140,58.6,81.4
O01138,2026-03-23 17:46:44.438373,Siam,Ploy,C0566,new,Cocktail,2,520,0,520,218.84,301.16
O01106,2026-03-23 18:43:44.438373,Siam,Jane,C0488,at_risk,Set Menu,1,120,0,120,60.86,59.14
O02122,2026-03-23 19:02:44.438373,Thonglor,Mek,C0524,active,Protein Shake,2,520,30,490,246.91,243.09
O02076,2026-03-23 21:19:44.438373,Thonglor,Mek,C0582,active,Craft Beer,2,360,0,360,207.86,152.14
O00403,2026-03-23 21:38:44.438373,Siam,Tum,C0610,active,Set Menu,1,260,10,250,147.98,102.02
O00266,2026-03-23 22:10:44.438373,Siam,Bank,C0490,new,Cocktail,2,180,30,150,61.11,88.89
O01628,2026-03-24 00:00:44.438373,Siam,Nok,C0655,new,Cocktail,2,520,20,500,297.99,202.01
O00749,2026-03-24 02:10:44.438373,Ari,Mek,C0009,active,Set Menu,2,240,0,240,127.15,112.85
O00684,2026-03-24 02:58:44.438373,Siam,Mek,C0297,new,Set Menu,2,300,0,300,173.08,126.92
O02085,2026-03-24 03:25:44.438373,Ari,Tum,C0366,at_risk,Protein Shake,2,440,0,440,184.98,255.02
O02133,2026-03-24 04:52:44.438373,Thonglor,Tum,C0028,active,Cocktail,1,220,20,200,101.18,98.82
O02390,2026-03-24 07:08:44.438373,Siam,Nok,C0277,at_risk,Craft Beer,1,220,30,190,89.26,100.74
O00619,2026-03-24 08:12:44.438373,Siam,Bank,C0411,new,Signature Latte,2,240,10,230,94.13,135.87
O01365,2026-03-24 08:25:44.438373,Ari,Jane,C0316,new,Protein Shake,2,180,0,180,72.3,107.7
O01467,2026-03-24 12:01:44.438373,Thonglor,Jane,C0599,new,Set Menu,1,120,0,120,49.7,70.3
O00879,2026-03-24 12:49:44.438373,Siam,Mek,C0101,active,Craft Beer,3,780,20,760,367.2,392.8
O00370,2026-03-24 13:45:44.438373,Ari,Bank,C0653,new,Classic Burger,1,150,30,120,52.68,67.32
O01852,2026-03-24 13:50:44.438373,Ari,Mek,C0314,new,Protein Shake,3,450,0,450,228.63,221.37
O01335,2026-03-24 13:56:44.438373,Thonglor,Mek,C0307,active,Set Menu,1,150,0,150,66.31,83.69
O00766,2026-03-24 14:06:44.438373,Siam,Tum,C0538,active,Protein Shake,3,660,0,660,395.71,264.29
O01885,2026-03-24 14:23:44.438373,Ari,Ploy,C0004,at_risk,Craft Beer,1,220,20,200,104.78,95.22
O01314,2026-03-24 15:06:44.438373,Siam,Bank,C0690,active,Signature Latte,3,660,20,640,300.05,339.95
O01027,2026-03-24 15:31:44.438373,Siam,Ploy,C0641,new,Set Menu,1,180,20,160,72.93,87.07
O02095,2026-03-24 18:01:44.438373,Ari,Mek,C0502,active,Signature Latte,1,90,0,90,38.11,51.89
O00744,2026-03-24 21:06:44.438373,Thonglor,Mek,C0464,active,Cocktail,2,360,20,340,204.58,135.42
O00336,2026-03-24 21:09:44.438373,Thonglor,Tum,C0567,at_risk,Set Menu,2,240,10,230,131.75,98.25
O02485,2026-03-24 21:28:44.438373,Ari,Tum,C0203,at_risk,Protein Shake,2,240,0,240,117.43,122.57
O00009,2026-03-24 21:42:44.438373,Siam,Jane,C0065,new,Signature Latte,2,360,20,340,151.72,188.28
O00564,2026-03-25 00:09:44.438373,Ari,Nok,C0098,at_risk,Cocktail,1,120,10,110,63.62,46.38
O02127,2026-03-25 00:44:44.438373,Siam,Bank,C0302,active,Protein Shake,3,270,0,270,129.2,140.8
O00235,2026-03-25 01:34:44.438373,Ari,Ploy,C0408,new,Signature Latte,2,440,0,440,246.0,194.0
O00237,2026-03-25 03:05:44.438373,Ari,Mek,C0550,new,Classic Burger,1,150,0,150,60.54,89.46
O02169,2026-03-25 03:24:44.438373,Siam,Jane,C0649,at_risk,Set Menu,3,270,10,260,126.12,133.88
O02202,2026-03-25 03:57:44.438373,Thonglor,Mek,C0262,at_risk,Cocktail,1,180,0,180,74.31,105.69
O00356,2026-03-25 04:28:44.438373,Ari,Jane,C0214,new,Protein Shake,1,90,10,80,46.33,33.67
O01533,2026-03-25 05:23:44.438373,Siam,Tum,C0534,new,Craft Beer,1,180,30,150,86.01,63.99
O01536,2026-03-25 05:33:44.438373,Thonglor,Jane,C0378,at_risk,Craft Beer,1,180,10,170,104.17,65.83
O00186,2026-03-25 05:36:44.438373,Ari,Ploy,C0126,at_risk,Craft Beer,3,540,0,540,256.7,283.3
O01368,2026-03-25 07:27:44.438373,Thonglor,Mek,C0415,active,Set Menu,1,180,0,180,73.49,106.51
O00090,2026-03-25 08:01:44.438373,Ari,Nok,C0090,at_risk,Cocktail,1,180,0,180,100.21,79.79
O00179,2026-03-25 08:02:44.438373,Thonglor,Tum,C0504,active,Classic Burger,3,660,0,660,289.96,370.04
O00699,2026-03-25 08:19:44.438373,Ari,Nok,C0082,at_risk,Cocktail,1,260,10,250,137.42,112.58
O01041,2026-03-25 08:34:44.438373,Thonglor,Bank,C0466,active,Signature Latte,2,440,30,410,207.4,202.6
O00734,2026-03-25 08:38:44.438373,Thonglor,Nok,C0599,active,Classic Burger,1,120,0,120,65.07,54.93
O01072,2026-03-25 08:55:44.438373,Siam,Nok,C0647,active,Set Menu,2,360,0,360,222.86,137.14
O02041,2026-03-25 09:06:44.438373,Siam,Tum,C0024,active,Protein Shake,2,520,0,520,209.67,310.33
O01297,2026-03-25 10:00:44.438373,Ari,Jane,C0021,at_risk,Craft Beer,1,150,10,140,67.21,72.79
O01176,2026-03-25 10:29:44.438373,Thonglor,Ploy,C0447,at_risk,Protein Shake,2,520,0,520,232.06,287.94
O01288,2026-03-25 11:39:44.438373,Siam,Bank,C0269,active,Set Menu,1,220,30,190,103.08,86.92
O02283,2026-03-25 12:21:44.438373,Siam,Nok,C0569,active,Classic Burger,1,220,0,220,125.05,94.95
O00950,2026-03-25 12:29:44.438373,Thonglor,Bank,C0382,active,Set Menu,3,360,0,360,164.51,195.49
O02058,2026-03-25 13:14:44.438373,Ari,Nok,C0530,active,Craft Beer,2,240,0,240,98.37,141.63
O00104,2026-03-25 13:22:44.438373,Ari,Tum,C0051,at_risk,Signature Latte,2,240,0,240,124.39,115.61
O02429,2026-03-25 13:46:44.438373,Ari,Tum,C0612,active,Craft Beer,1,150,30,120,51.9,68.1
O00147,2026-03-25 15:30:44.438373,Siam,Ploy,C0176,active,Cocktail,1,150,0,150,71.7,78.3
O00363,2026-03-25 16:03:44.438373,Siam,Tum,C0003,new,Set Menu,3,780,0,780,398.77,381.23
O00752,2026-03-25 16:22:44.438373,Ari,Bank,C0520,active,Classic Burger,3,660,20,640,306.75,333.25
O02194,2026-03-25 17:15:44.438373,Ari,Tum,C0580,active,Classic Burger,1,150,0,150,88.52,61.48
O01116,2026-03-25 17:50:44.438373,Ari,Mek,C0030,new,Classic Burger,3,270,10,260,98.88,161.12
O00723,2026-03-25 18:00:44.438373,Thonglor,Mek,C0123,active,Protein Shake,1,220,0,220,87.05,132.95
O01860,2026-03-25 18:08:44.438373,Siam,Ploy,C0447,at_risk,Signature Latte,2,240,20,220,107.03,112.97
O00193,2026-03-25 18:43:44.438373,Ari,Ploy,C0641,new,Cocktail,1,120,30,90,51.43,38.57
O00740,2026-03-25 19:12:44.438373,Siam,Mek,C0178,active,Protein Shake,2,240,10,230,103.53,126.47
O02401,2026-03-25 19:54:44.438373,Thonglor,Ploy,C0068,at_risk,Protein Shake,2,440,30,410,201.26,208.74
O00773,2026-03-25 20:12:44.438373,Thonglor,Nok,C0304,new,Protein Shake,1,120,30,90,37.65,52.35
O01796,2026-03-25 20:22:44.438373,Ari,Bank,C0427,at_risk,Set Menu,1,180,0,180,80.62,99.38
O01809,2026-03-25 23:01:44.438373,Siam,Nok,C0042,active,Protein Shake,1,260,0,260,145.07,114.93
O00708,2026-03-25 23:20:44.438373,Thonglor,Ploy,C0483,at_risk,Signature Latte,2,300,30,270,127.93,142.07
O00862,2026-03-26 00:12:44.438373,Ari,Mek,C0071,new,Craft Beer,2,360,20,340,202.33,137.67
O01808,2026-03-26 00:29:44.438373,Thonglor,Ploy,C0572,new,Set Menu,1,180,0,180,105.15,74.85
O02285,2026-03-26 03:54:44.438373,Siam,Jane,C0234,at_risk,Set Menu,3,780,10,770,468.29,301.71
O02023,2026-03-26 04:50:44.438373,Siam,Bank,C0428,new,Craft Beer,1,220,30,190,90.77,99.23
O00768,2026-03-26 05:32:44.438373,Thonglor,Mek,C0131,new,Protein Shake,2,240,0,240,144.57,95.43
O02132,2026-03-26 06:09:44.438373,Thonglor,Jane,C0028,active,Cocktail,3,450,10,440,171.76,268.24
O01962,2026-03-26 06:29:44.438373,Ari,Ploy,C0205,active,Protein Shake,3,660,0,660,270.71,389.29
O02204,2026-03-26 09:47:44.438373,Ari,Tum,C0586,active,Cocktail,1,90,0,90,55.32,34.68
O01291,2026-03-26 09:51:44.438373,Ari,Bank,C0629,at_risk,Craft Beer,1,150,0,150,76.8,73.2
O01656,2026-03-26 10:29:44.438373,Siam,Jane,C0257,at_risk,Protein Shake,1,260,30,230,94.92,135.08
O01735,2026-03-26 11:43:44.438373,Thonglor,Nok,C0401,active,Signature Latte,1,260,0,260,157.33,102.67
O02195,2026-03-26 12:23:44.438373,Thonglor,Tum,C0233,at_risk,Craft Beer,1,90,10,80,42.26,37.74
O00853,2026-03-26 12:53:44.438373,Thonglor,Bank,C0202,active,Cocktail,1,90,10,80,48.48,31.52
O01455,2026-03-26 13:01:44.438373,Ari,Jane,C0663,active,Signature Latte,3,660,20,640,352.32,287.68
O01062,2026-03-26 13:36:44.438373,Siam,Ploy,C0083,active,Craft Beer,1,220,0,220,129.45,90.55
O01241,2026-03-26 14:04:44.438373,Siam,Bank,C0474,active,Craft Beer,2,180,20,160,81.31,78.69
O01195,2026-03-26 14:56:44.438373,Thonglor,Ploy,C0460,active,Craft Beer,1,220,0,220,120.6,99.4
O02068,2026-03-26 15:19:44.438373,Thonglor,Tum,C0165,at_risk,Cocktail,3,660,20,640,350.83,289.17
O00852,2026-03-26 15:19:44.438373,Thonglor,Tum,C0632,active,Classic Burger,2,180,20,160,85.25,74.75
O01020,2026-03-26 16:25:44.438373,Siam,Mek,C0264,at_risk,Signature Latte,2,240,0,240,111.12,128.88
O00318,2026-03-26 17:19:44.438373,Ari,Tum,C0500,new,Cocktail,2,180,0,180,72.21,107.79
O01175,2026-03-26 17:49:44.438373,Thonglor,Tum,C0046,active,Set Menu,1,120,0,120,55.9,64.1
O00047,2026-03-26 18:25:44.438373,Ari,Ploy,C0427,at_risk,Protein Shake,2,240,10,230,122.91,107.09
O00007,2026-03-26 21:15:44.438373,Siam,Mek,C0556,at_risk,Cocktail,3,780,0,780,402.67,377.33
O01334,2026-03-26 21:16:44.438373,Thonglor,Nok,C0028,new,Cocktail,2,520,0,520,300.05,219.95
O01004,2026-03-26 22:13:44.438373,Siam,Bank,C0189,active,Signature Latte,1,150,0,150,78.58,71.42
O01188,2026-03-26 22:25:44.438373,Siam,Nok,C0124,active,Signature Latte,2,360,10,350,188.11,161.89
O01444,2026-03-26 22:33:44.438373,Siam,Ploy,C0426,active,Cocktail,1,260,0,260,147.2,112.8
O02213,2026-03-26 22:50:44.438373,Ari,Jane,C0444,active,Cocktail,2,360,30,330,190.44,139.56
O00474,2026-03-26 23:08:44.438373,Thonglor,Mek,C0511,active,Set Menu,1,220,30,190,93.46,96.54
O00153,2026-03-26 23:10:44.438373,Ari,Ploy,C0326,active,Craft Beer,1,90,0,90,47.89,42.11
O00312,2026-03-26 23:15:44.438373,Ari,Bank,C0007,new,Signature Latte,2,360,0,360,182.23,177.77
O01920,2026-03-27 00:01:44.438373,Ari,Nok,C0581,at_risk,Craft Beer,3,540,0,540,271.0,269.0
O00457,2026-03-27 01:16:44.438373,Siam,Mek,C0465,active,Signature Latte,1,220,0,220,136.25,83.75
O00410,2026-03-27 02:55:44.438373,Ari,Tum,C0387,active,Signature Latte,3,450,20,430,259.66,170.34
O00388,2026-03-27 02:57:44.438373,Thonglor,Jane,C0183,active,Signature Latte,2,440,10,430,175.67,254.33
O00917,2026-03-27 03:43:44.438373,Ari,Mek,C0172,active,Set Menu,3,780,0,780,372.02,407.98
O02035,2026-03-27 04:11:44.438373,Thonglor,Bank,C0209,active,Cocktail,1,90,0,90,45.82,44.18
O00700,2026-03-27 05:16:44.438373,Ari,Nok,C0494,new,Protein Shake,3,360,20,340,136.74,203.26
O00043,2026-03-27 08:13:44.438373,Siam,Nok,C0094,at_risk,Classic Burger,1,220,0,220,101.65,118.35
O01856,2026-03-27 08:26:44.438373,Siam,Tum,C0375,new,Protein Shake,2,300,0,300,143.58,156.42
O00764,2026-03-27 09:44:44.438373,Siam,Nok,C0666,active,Signature Latte,1,120,30,90,47.74,42.26
O01389,2026-03-27 09:48:44.438373,Ari,Mek,C0010,active,Craft Beer,1,260,0,260,113.22,146.78
O02481,2026-03-27 11:16:44.438373,Thonglor,Jane,C0485,at_risk,Signature Latte,1,260,0,260,117.37,142.63
O01299,2026-03-27 13:49:44.438373,Ari,Nok,C0220,active,Set Menu,1,220,0,220,135.11,84.89
O00574,2026-03-27 14:05:44.438373,Siam,Tum,C0367,active,Craft Beer,1,120,30,90,39.32,50.68
O00758,2026-03-27 14:47:44.438373,Siam,Nok,C0484,active,Craft Beer,1,260,30,230,106.43,123.57
O01410,2026-03-27 15:19:44.438373,Thonglor,Ploy,C0083,at_risk,Protein Shake,1,90,20,70,39.1,30.9
O00939,2026-03-27 15:21:44.438373,Thonglor,Tum,C0356,active,Protein Shake,1,150,0,150,84.13,65.87
O01904,2026-03-27 15:35:44.438373,Siam,Bank,C0241,active,Classic Burger,3,270,30,240,129.71,110.29
O02399,2026-03-27 18:50:44.438373,Thonglor,Tum,C0354,at_risk,Protein Shake,2,520,0,520,308.58,211.42
O01329,2026-03-27 20:47:44.438373,Siam,Jane,C0016,active,Signature Latte,3,780,10,770,331.97,438.03
O00926,2026-03-27 22:07:44.438373,Siam,Nok,C0269,at_risk,Protein Shake,1,120,0,120,72.03,47.97
O01940,2026-03-27 22:14:44.438373,Siam,Tum,C0245,active,Protein Shake,1,150,20,130,56.81,73.19
O00811,2026-03-27 23:02:44.438373,Thonglor,Bank,C0590,new,Protein Shake,1,120,0,120,50.4,69.6
O00715,2026-03-28 02:39:44.438373,Thonglor,Ploy,C0326,at_risk,Protein Shake,1,90,20,70,28.84,41.16
O00299,2026-03-28 02:54:44.438373,Ari,Nok,C0653,active,Signature Latte,1,260,10,250,121.85,128.15
O01682,2026-03-28 03:40:44.438373,Ari,Tum,C0409,new,Classic Burger,1,150,20,130,51.44,78.56
O01767,2026-03-28 04:56:44.438373,Siam,Tum,C0015,active,Craft Beer,1,220,30,190,102.94,87.06
O00596,2026-03-28 05:07:44.438373,Siam,Tum,C0367,at_risk,Signature Latte,2,440,10,430,204.5,225.5
O02494,2026-03-28 05:50:44.438373,Thonglor,Nok,C0442,at_risk,Classic Burger,2,360,0,360,188.48,171.52
O02093,2026-03-28 07:13:44.438373,Ari,Jane,C0667,active,Craft Beer,2,240,0,240,138.51,101.49
O01450,2026-03-28 07:35:44.438373,Ari,Tum,C0656,active,Cocktail,3,360,0,360,184.71,175.29
O01047,2026-03-28 08:40:44.438373,Siam,Nok,C0698,active,Craft Beer,1,90,0,90,35.69,54.31
O00996,2026-03-28 08:42:44.438373,Ari,Ploy,C0542,at_risk,Protein Shake,1,150,10,140,71.0,69.0
O02221,2026-03-28 13:09:44.438373,Thonglor,Bank,C0502,new,Craft Beer,3,780,0,780,335.21,444.79
O02471,2026-03-28 16:20:44.438373,Thonglor,Jane,C0564,active,Set Menu,2,440,10,430,236.16,193.84
O00016,2026-03-28 16:41:44.438373,Siam,Nok,C0231,at_risk,Signature Latte,2,520,10,510,233.5,276.5
O00736,2026-03-28 17:24:44.438373,Thonglor,Bank,C0577,new,Protein Shake,1,180,30,150,74.9,75.1
O02458,2026-03-28 17:40:44.438373,Siam,Jane,C0605,active,Cocktail,2,300,0,300,183.9,116.1
O02173,2026-03-28 18:03:44.438373,Ari,Ploy,C0023,at_risk,Craft Beer,1,120,20,100,61.13,38.87
O00430,2026-03-28 18:58:44.438373,Thonglor,Mek,C0648,at_risk,Classic Burger,3,780,0,780,446.82,333.18
O00327,2026-03-28 19:36:44.438373,Ari,Jane,C0163,active,Signature Latte,1,180,10,170,89.17,80.83
O01593,2026-03-28 20:19:44.438373,Ari,Jane,C0629,at_risk,Craft Beer,1,260,10,250,148.27,101.73
O01558,2026-03-28 20:31:44.438373,Siam,Jane,C0506,at_risk,Cocktail,1,90,10,80,34.34,45.66
O02395,2026-03-28 21:46:44.438373,Thonglor,Nok,C0281,new,Signature Latte,1,220,10,210,126.18,83.82
O01869,2026-03-28 22:01:44.438373,Siam,Mek,C0694,active,Protein Shake,2,440,10,430,213.23,216.77
O00473,2026-03-28 22:22:44.438373,Thonglor,Tum,C0328,active,Craft Beer,2,180,0,180,78.64,101.36
O00988,2026-03-28 22:37:44.438373,Thonglor,Nok,C0269,at_risk,Set Menu,2,440,20,420,234.64,185.36
O01804,2026-03-28 22:59:44.438373,Ari,Tum,C0139,active,Craft Beer,2,180,30,150,90.31,59.69
O01872,2026-03-28 23:07:44.438373,Thonglor,Bank,C0597,active,Set Menu,1,220,0,220,108.59,111.41
O00946,2026-03-29 01:25:44.438373,Ari,Nok,C0257,new,Craft Beer,1,180,30,150,91.63,58.37
O01349,2026-03-29 03:24:44.438373,Siam,Bank,C0036,active,Classic Burger,2,440,30,410,162.93,247.07
O01835,2026-03-29 03:33:44.438373,Ari,Ploy,C0043,new,Set Menu,2,240,10,230,91.24,138.76
O00985,2026-03-29 03:53:44.438373,Thonglor,Mek,C0339,at_risk,Protein Shake,3,270,30,240,132.95,107.05
O00952,2026-03-29 04:26:44.438373,Siam,Bank,C0473,active,Classic Burger,1,220,30,190,88.27,101.73
O00054,2026-03-29 04:54:44.438373,Ari,Jane,C0069,active,Signature Latte,2,520,20,500,258.81,241.19
O01397,2026-03-29 05:01:44.438373,Thonglor,Jane,C0643,active,Protein Shake,2,440,20,420,180.01,239.99
O01204,2026-03-29 07:00:44.438373,Ari,Nok,C0623,at_risk,Set Menu,3,660,0,660,405.48,254.52
O01680,2026-03-29 07:13:44.438373,Thonglor,Nok,C0257,new,Set Menu,3,360,10,350,214.56,135.44
O01419,2026-03-29 07:25:44.438373,Siam,Mek,C0331,active,Protein Shake,2,240,30,210,113.15,96.85
O01800,2026-03-29 07:31:44.438373,Thonglor,Nok,C0347,at_risk,Classic Burger,1,120,20,100,54.39,45.61
O00515,2026-03-29 08:40:44.438373,Thonglor,Mek,C0474,active,Protein Shake,1,180,20,160,76.07,83.93
O00855,2026-03-29 13:00:44.438373,Siam,Bank,C0684,at_risk,Signature Latte,1,90,10,80,35.63,44.37
O01236,2026-03-29 13:30:44.438373,Ari,Bank,C0156,new,Signature Latte,2,300,30,270,126.15,143.85
O02228,2026-03-29 13:40:44.438373,Ari,Tum,C0689,active,Set Menu,3,780,20,760,327.64,432.36
O00508,2026-03-29 14:00:44.438373,Siam,Tum,C0504,at_risk,Cocktail,1,180,20,160,69.78,90.22
O01587,2026-03-29 14:17:44.438373,Thonglor,Mek,C0484,new,Signature Latte,2,520,30,490,225.44,264.56
O01762,2026-03-29 14:32:44.438373,Thonglor,Tum,C0641,new,Signature Latte,1,180,30,150,58.88,91.12
O00108,2026-03-29 15:05:44.438373,Ari,Nok,C0177,at_risk,Protein Shake,1,150,0,150,74.94,75.06
O00450,2026-03-29 15:30:44.438373,Thonglor,Mek,C0468,at_risk,Cocktail,1,220,20,200,99.72,100.28
O01973,2026-03-29 16:03:44.438373,Thonglor,Mek,C0219,active,Craft Beer,2,440,0,440,231.68,208.32
O01797,2026-03-29 17:25:44.438373,Siam,Ploy,C0460,new,Set Menu,1,150,30,120,60.01,59.99
O00903,2026-03-29 17:36:44.438373,Ari,Jane,C0177,at_risk,Protein Shake,2,360,20,340,158.56,181.44
O00602,2026-03-29 18:32:44.438373,Siam,Tum,C0035,at_risk,Cocktail,1,220,0,220,115.17,104.83
O02496,2026-03-29 19:04:44.438373,Ari,Jane,C0477,active,Signature Latte,3,270,0,270,145.51,124.49
O00413,2026-03-29 20:41:44.438373,Siam,Bank,C0530,at_risk,Cocktail,3,360,20,340,172.86,167.14
O01617,2026-03-29 21:24:44.438373,Thonglor,Tum,C0055,active,Craft Beer,3,360,0,360,142.4,217.6
O00265,2026-03-29 22:46:44.438373,Ari,Mek,C0305,active,Signature Latte,2,240,30,210,92.73,117.27
O01719,2026-03-29 23:12:44.438373,Thonglor,Bank,C0544,new,Craft Beer,1,220,0,220,134.22,85.78
O02158,2026-03-29 23:34:44.438373,Thonglor,Ploy,C0568,active,Craft Beer,2,300,10,290,163.41,126.59
O00830,2026-03-29 23:35:44.438373,Ari,Nok,C0208,at_risk,Cocktail,2,180,10,170,97.09,72.91
O01662,2026-03-30 00:12:44.438373,Thonglor,Bank,C0151,at_risk,Protein Shake,2,520,0,520,216.18,303.82
O02200,2026-03-30 01:21:44.438373,Siam,Bank,C0274,active,Set Menu,2,240,0,240,140.2,99.8
O02059,2026-03-30 01:21:44.438373,Siam,Nok,C0289,at_risk,Classic Burger,1,220,30,190,114.79,75.21
O01586,2026-03-30 01:50:44.438373,Thonglor,Bank,C0438,new,Protein Shake,1,90,0,90,47.48,42.52
O00182,2026-03-30 03:38:44.438373,Siam,Ploy,C0513,active,Cocktail,1,180,0,180,87.01,92.99
O02359,2026-03-30 04:14:44.438373,Thonglor,Bank,C0671,new,Signature Latte,2,300,20,280,117.44,162.56
O01625,2026-03-30 06:53:44.438373,Ari,Nok,C0653,active,Classic Burger,3,780,0,780,315.29,464.71
O02431,2026-03-30 07:59:44.438373,Siam,Nok,C0083,at_risk,Cocktail,2,360,20,340,189.91,150.09
O00580,2026-03-30 08:54:44.438373,Ari,Tum,C0589,active,Signature Latte,1,90,10,80,43.25,36.75
O01458,2026-03-30 09:28:44.438373,Ari,Ploy,C0214,active,Protein Shake,2,300,10,290,145.71,144.29
O02183,2026-03-30 09:34:44.438373,Ari,Nok,C0243,new,Protein Shake,1,120,0,120,69.56,50.44
O00183,2026-03-30 09:53:44.438373,Ari,Jane,C0305,at_risk,Classic Burger,2,180,10,170,94.65,75.35
O00426,2026-03-30 10:54:44.438373,Siam,Nok,C0103,active,Signature Latte,2,440,0,440,261.78,178.22
O01429,2026-03-30 13:35:44.438373,Ari,Mek,C0013,at_risk,Craft Beer,1,120,30,90,54.16,35.84
O00603,2026-03-30 14:34:44.438373,Siam,Nok,C0123,at_risk,Set Menu,1,90,10,80,34.58,45.42
O01964,2026-03-30 14:36:44.438373,Ari,Mek,C0066,new,Set Menu,2,180,30,150,67.12,82.88
O01251,2026-03-30 15:33:44.438373,Siam,Ploy,C0369,at_risk,Set Menu,1,120,20,100,50.19,49.81
O01361,2026-03-30 16:06:44.438373,Siam,Nok,C0538,new,Set Menu,2,180,30,150,82.67,67.33
O00513,2026-03-30 17:22:44.438373,Thonglor,Bank,C0121,active,Cocktail,3,660,0,660,287.47,372.53
O01194,2026-03-30 17:53:44.438373,Thonglor,Bank,C0398,at_risk,Cocktail,1,260,0,260,124.58,135.42
O01694,2026-03-30 18:01:44.438373,Thonglor,Mek,C0195,at_risk,Classic Burger,1,180,30,150,79.51,70.49
O02302,2026-03-30 18:48:44.438373,Thonglor,Nok,C0488,active,Classic Burger,1,90,20,70,42.49,27.51
O01305,2026-03-30 19:15:44.438373,Siam,Ploy,C0263,new,Signature Latte,3,540,10,530,236.27,293.73
O01528,2026-03-30 19:22:44.438373,Thonglor,Jane,C0664,at_risk,Classic Burger,1,90,20,70,38.43,31.57
O02086,2026-03-30 20:00:44.438373,Siam,Bank,C0089,active,Cocktail,1,180,0,180,78.33,101.67
O00554,2026-03-30 20:13:44.438373,Thonglor,Mek,C0519,active,Craft Beer,3,540,0,540,213.16,326.84
O00756,2026-03-30 20:13:44.438373,Ari,Mek,C0330,at_risk,Protein Shake,2,240,0,240,108.82,131.18
O00115,2026-03-30 20:16:44.438373,Siam,Tum,C0288,at_risk,Protein Shake,1,90,20,70,30.6,39.4
O02323,2026-03-30 20:35:44.438373,Siam,Bank,C0680,active,Classic Burger,2,440,20,420,252.42,167.58
O00476,2026-03-30 21:05:44.438373,Siam,Bank,C0417,at_risk,Signature Latte,1,180,0,180,101.82,78.18
O01414,2026-03-31 00:07:44.438373,Ari,Bank,C0360,at_risk,Set Menu,2,360,20,340,178.87,161.13
O01357,2026-03-31 00:16:44.438373,Siam,Ploy,C0432,active,Protein Shake,3,450,0,450,202.82,247.18
O01563,2026-03-31 00:20:44.438373,Siam,Tum,C0538,active,Protein Shake,3,450,20,430,208.51,221.49
O01362,2026-03-31 04:54:44.438373,Ari,Bank,C0685,at_risk,Cocktail,1,90,30,60,31.73,28.27
O02478,2026-03-31 04:56:44.438373,Siam,Bank,C0028,active,Set Menu,3,540,0,540,260.38,279.62
O02156,2026-03-31 05:10:44.438373,Ari,Tum,C0556,active,Set Menu,2,440,0,440,232.68,207.32
O02044,2026-03-31 05:17:44.438373,Ari,Nok,C0357,active,Signature Latte,2,300,10,290,170.78,119.22
O02386,2026-03-31 06:10:44.438373,Siam,Bank,C0426,active,Cocktail,2,360,10,350,154.78,195.22
O00220,2026-03-31 07:07:44.438373,Siam,Tum,C0289,at_risk,Cocktail,2,240,0,240,138.57,101.43
O01717,2026-03-31 07:47:44.438373,Siam,Bank,C0527,new,Cocktail,1,180,10,170,76.57,93.43
O02244,2026-03-31 08:19:44.438373,Thonglor,Tum,C0556,active,Craft Beer,1,150,0,150,71.22,78.78
O01865,2026-03-31 08:32:44.438373,Siam,Bank,C0065,at_risk,Craft Beer,2,440,20,420,237.56,182.44
O01269,2026-03-31 08:37:44.438373,Siam,Jane,C0428,new,Classic Burger,3,540,30,510,244.02,265.98
O01461,2026-03-31 10:26:44.438373,Siam,Ploy,C0520,active,Classic Burger,1,90,10,80,47.6,32.4
O01150,2026-03-31 11:08:44.438373,Siam,Mek,C0046,active,Cocktail,2,520,0,520,254.29,265.71
O01543,2026-03-31 11:20:44.438373,Ari,Ploy,C0435,at_risk,Classic Burger,1,120,30,90,48.91,41.09
O00219,2026-03-31 11:23:44.438373,Siam,Ploy,C0578,new,Protein Shake,3,450,20,430,247.89,182.11
O00719,2026-03-31 13:51:44.438373,Siam,Bank,C0181,new,Classic Burger,2,240,30,210,103.35,106.65
O01710,2026-03-31 15:28:44.438373,Ari,Nok,C0218,active,Protein Shake,2,180,30,150,75.33,74.67
O01218,2026-03-31 15:32:44.438373,Siam,Jane,C0181,active,Signature Latte,1,180,10,170,91.72,78.28
O00720,2026-03-31 16:53:44.438373,Siam,Mek,C0559,active,Cocktail,2,300,0,300,158.75,141.25
O01064,2026-03-31 17:06:44.438373,Siam,Jane,C0416,active,Protein Shake,1,260,0,260,122.37,137.63
O01914,2026-03-31 18:36:44.438373,Thonglor,Ploy,C0165,at_risk,Protein Shake,1,150,20,130,76.2,53.8
O01903,2026-03-31 19:40:44.438373,Siam,Tum,C0224,new,Classic Burger,2,520,30,490,219.6,270.4
O01257,2026-03-31 20:58:44.438373,Siam,Ploy,C0385,at_risk,Signature Latte,1,120,0,120,53.82,66.18
O00084,2026-03-31 21:52:44.438373,Ari,Mek,C0623,at_risk,Signature Latte,1,220,0,220,88.19,131.81
O01862,2026-03-31 22:21:44.438373,Thonglor,Ploy,C0443,active,Signature Latte,1,220,0,220,127.16,92.84
O00821,2026-04-01 00:38:44.438373,Siam,Nok,C0011,active,Classic Burger,1,150,20,130,76.59,53.41
O01428,2026-04-01 02:20:44.438373,Thonglor,Ploy,C0660,active,Cocktail,1,150,10,140,75.91,64.09
O00800,2026-04-01 02:57:44.438373,Siam,Nok,C0633,at_risk,Set Menu,2,240,30,210,124.59,85.41
O00899,2026-04-01 04:01:44.438373,Ari,Bank,C0076,active,Craft Beer,2,360,20,340,174.03,165.97
O01097,2026-04-01 04:14:44.438373,Thonglor,Nok,C0419,at_risk,Set Menu,1,90,10,80,38.88,41.12
O02346,2026-04-01 04:53:44.438373,Siam,Jane,C0085,active,Classic Burger,1,90,20,70,39.5,30.5
O01527,2026-04-01 04:59:44.438373,Siam,Jane,C0410,active,Cocktail,1,150,0,150,64.03,85.97
O01210,2026-04-01 05:44:44.438373,Ari,Mek,C0219,new,Cocktail,2,240,10,230,136.23,93.77
O01526,2026-04-01 06:37:44.438373,Siam,Nok,C0363,new,Craft Beer,1,90,0,90,35.33,54.67
O01956,2026-04-01 06:50:44.438373,Ari,Jane,C0010,new,Classic Burger,2,240,0,240,94.49,145.51
O01759,2026-04-01 07:20:44.438373,Ari,Bank,C0408,at_risk,Cocktail,2,300,10,290,179.46,110.54
O01893,2026-04-01 07:55:44.438373,Ari,Bank,C0308,at_risk,Protein Shake,1,260,10,250,135.63,114.37
O00604,2026-04-01 08:15:44.438373,Ari,Jane,C0560,at_risk,Classic Burger,2,440,0,440,199.71,240.29
O01048,2026-04-01 09:48:44.438373,Siam,Nok,C0626,new,Classic Burger,1,220,0,220,100.17,119.83
O00838,2026-04-01 10:32:44.438373,Thonglor,Ploy,C0443,active,Signature Latte,1,150,20,130,71.31,58.69
O01451,2026-04-01 12:00:44.438373,Siam,Ploy,C0367,active,Craft Beer,1,180,30,150,77.49,72.51
O00284,2026-04-01 12:21:44.438373,Thonglor,Ploy,C0516,at_risk,Cocktail,2,520,0,520,279.38,240.62
O00664,2026-04-01 12:39:44.438373,Ari,Nok,C0530,at_risk,Set Menu,1,260,0,260,104.77,155.23
O00340,2026-04-01 14:01:44.438373,Thonglor,Nok,C0561,active,Signature Latte,3,360,0,360,207.97,152.03
O01741,2026-04-01 15:39:44.438373,Siam,Tum,C0073,active,Craft Beer,1,220,10,210,104.58,105.42
O01117,2026-04-01 17:26:44.438373,Siam,Nok,C0047,active,Set Menu,3,450,0,450,223.71,226.29
O01643,2026-04-01 19:17:44.438373,Siam,Jane,C0646,active,Classic Burger,2,440,0,440,190.73,249.27
O01104,2026-04-01 19:26:44.438373,Thonglor,Jane,C0236,active,Signature Latte,2,300,0,300,146.55,153.45
O01240,2026-04-01 20:11:44.438373,Siam,Mek,C0133,at_risk,Craft Beer,1,220,30,190,101.5,88.5
O02083,2026-04-01 21:54:44.438373,Ari,Bank,C0554,at_risk,Cocktail,2,240,30,210,115.56,94.44
O00321,2026-04-01 22:08:44.438373,Ari,Ploy,C0435,at_risk,Protein Shake,1,180,30,150,72.99,77.01
O02428,2026-04-01 23:39:44.438373,Thonglor,Jane,C0459,at_risk,Cocktail,1,220,30,190,114.43,75.57
O00445,2026-04-02 00:41:44.438373,Thonglor,Jane,C0675,active,Set Menu,1,220,10,210,120.46,89.54
O01757,2026-04-02 00:57:44.438373,Thonglor,Jane,C0666,active,Signature Latte,2,240,20,220,114.44,105.56
O01990,2026-04-02 01:05:44.438373,Thonglor,Nok,C0379,at_risk,Set Menu,2,300,0,300,164.93,135.07
O01972,2026-04-02 02:43:44.438373,Siam,Nok,C0107,active,Protein Shake,1,90,30,60,34.44,25.56
O01173,2026-04-02 03:27:44.438373,Thonglor,Tum,C0264,active,Craft Beer,3,270,30,240,127.72,112.28
O00753,2026-04-02 04:50:44.438373,Siam,Tum,C0579,new,Classic Burger,3,660,30,630,385.21,244.79
O01220,2026-04-02 05:13:44.438373,Siam,Jane,C0309,active,Classic Burger,1,120,0,120,57.33,62.67
O01660,2026-04-02 07:47:44.438373,Ari,Bank,C0293,at_risk,Set Menu,1,260,30,230,103.26,126.74
O01015,2026-04-02 08:09:44.438373,Siam,Bank,C0114,at_risk,Cocktail,1,150,30,120,58.18,61.82
O00069,2026-04-02 08:38:44.438373,Thonglor,Nok,C0645,at_risk,Set Menu,1,90,30,60,23.61,36.39
O00495,2026-04-02 08:44:44.438373,Siam,Jane,C0335,at_risk,Cocktail,1,90,0,90,46.68,43.32
O00169,2026-04-02 08:55:44.438373,Siam,Ploy,C0317,at_risk,Cocktail,1,120,0,120,50.42,69.58
O00103,2026-04-02 09:14:44.438373,Thonglor,Ploy,C0460,new,Classic Burger,3,360,0,360,158.92,201.08
O02280,2026-04-02 10:35:44.438373,Thonglor,Tum,C0389,active,Classic Burger,1,150,0,150,60.8,89.2
O00324,2026-04-02 10:59:44.438373,Siam,Bank,C0558,new,Cocktail,2,520,10,510,261.04,248.96
O02405,2026-04-02 13:35:44.438373,Thonglor,Bank,C0113,at_risk,Cocktail,3,270,0,270,138.1,131.9
O00524,2026-04-02 14:14:44.438373,Thonglor,Ploy,C0138,active,Classic Burger,2,440,10,430,265.07,164.93
O00429,2026-04-02 15:12:44.438373,Ari,Ploy,C0429,active,Protein Shake,2,300,0,300,152.27,147.73
O00440,2026-04-02 15:18:44.438373,Siam,Jane,C0156,active,Cocktail,1,260,10,250,133.18,116.82
O00873,2026-04-02 16:27:44.438373,Ari,Bank,C0082,new,Craft Beer,2,440,0,440,257.78,182.22
O02233,2026-04-02 16:46:44.438373,Ari,Mek,C0359,at_risk,Craft Beer,3,780,0,780,328.29,451.71
O00228,2026-04-02 16:51:44.438373,Ari,Tum,C0591,active,Craft Beer,2,520,0,520,214.3,305.7
O00655,2026-04-02 17:29:44.438373,Siam,Bank,C0477,active,Set Menu,2,360,0,360,207.06,152.94
O01089,2026-04-02 18:22:44.438373,Siam,Bank,C0179,at_risk,Set Menu,3,540,20,520,285.35,234.65
O00485,2026-04-02 19:22:44.438373,Ari,Mek,C0073,at_risk,Craft Beer,1,120,10,110,48.31,61.69
O01085,2026-04-02 19:53:44.438373,Ari,Ploy,C0024,new,Classic Burger,3,450,10,440,261.41,178.59
O02434,2026-04-02 20:29:44.438373,Thonglor,Jane,C0317,active,Set Menu,2,180,0,180,82.74,97.26
O01974,2026-04-02 21:58:44.438373,Thonglor,Bank,C0645,active,Signature Latte,1,150,20,130,70.27,59.73
O00177,2026-04-02 22:25:44.438373,Thonglor,Bank,C0643,active,Set Menu,3,360,10,350,182.76,167.24
O01621,2026-04-02 22:26:44.438373,Thonglor,Jane,C0336,at_risk,Classic Burger,1,150,30,120,55.98,64.02
O01208,2026-04-02 23:20:44.438373,Thonglor,Ploy,C0580,active,Cocktail,2,520,0,520,259.19,260.81
O00978,2026-04-02 23:30:44.438373,Thonglor,Bank,C0490,at_risk,Set Menu,1,90,0,90,53.1,36.9
O01040,2026-04-03 00:18:44.438373,Ari,Nok,C0308,at_risk,Craft Beer,1,120,10,110,50.68,59.32
O01426,2026-04-03 01:06:44.438373,Thonglor,Bank,C0617,at_risk,Protein Shake,3,660,10,650,342.88,307.12
O00405,2026-04-03 01:10:44.438373,Siam,Tum,C0657,active,Protein Shake,2,520,0,520,289.88,230.12
O01545,2026-04-03 01:45:44.438373,Siam,Mek,C0254,at_risk,Set Menu,1,150,30,120,74.34,45.66
O00307,2026-04-03 01:55:44.438373,Ari,Jane,C0514,active,Protein Shake,1,90,20,70,29.49,40.51
O01876,2026-04-03 02:20:44.438373,Siam,Bank,C0535,new,Protein Shake,2,440,0,440,226.53,213.47
O01347,2026-04-03 02:26:44.438373,Ari,Nok,C0550,active,Protein Shake,2,360,0,360,201.21,158.79
O01898,2026-04-03 02:27:44.438373,Siam,Bank,C0527,at_risk,Craft Beer,2,440,30,410,158.66,251.34
O01724,2026-04-03 02:48:44.438373,Ari,Jane,C0516,active,Craft Beer,3,540,30,510,231.22,278.78
O01901,2026-04-03 02:57:44.438373,Ari,Ploy,C0344,active,Cocktail,2,180,0,180,70.21,109.79
O01272,2026-04-03 05:18:44.438373,Siam,Nok,C0202,active,Craft Beer,3,270,20,250,122.98,127.02
O01229,2026-04-03 05:22:44.438373,Thonglor,Bank,C0230,active,Set Menu,2,440,30,410,223.69,186.31
O02052,2026-04-03 06:23:44.438373,Siam,Nok,C0536,at_risk,Cocktail,1,90,20,70,28.93,41.07
O02014,2026-04-03 06:31:44.438373,Thonglor,Tum,C0672,new,Set Menu,2,300,0,300,182.71,117.29
O00665,2026-04-03 06:47:44.438373,Siam,Ploy,C0698,active,Classic Burger,3,780,30,750,342.13,407.87
O02000,2026-04-03 07:00:44.438373,Thonglor,Bank,C0104,active,Signature Latte,1,90,0,90,39.13,50.87
O00616,2026-04-03 07:17:44.438373,Ari,Jane,C0426,at_risk,Craft Beer,1,260,30,230,128.2,101.8
O00417,2026-04-03 07:21:44.438373,Siam,Bank,C0153,at_risk,Cocktail,1,120,0,120,55.88,64.12
O00648,2026-04-03 09:13:44.438373,Siam,Bank,C0180,at_risk,Cocktail,2,520,30,490,291.73,198.27
O00223,2026-04-03 10:50:44.438373,Thonglor,Jane,C0043,active,Classic Burger,3,540,0,540,241.2,298.8
O00037,2026-04-03 12:53:44.438373,Siam,Mek,C0051,active,Cocktail,3,780,20,760,450.52,309.48
O01427,2026-04-03 13:00:44.438373,Siam,Mek,C0403,active,Protein Shake,2,300,10,290,147.3,142.7
O02348,2026-04-03 15:33:44.438373,Siam,Bank,C0146,active,Signature Latte,1,120,20,100,39.0,61.0
O01348,2026-04-03 15:52:44.438373,Siam,Tum,C0043,active,Signature Latte,1,120,10,110,45.84,64.16
O01529,2026-04-03 15:53:44.438373,Siam,Tum,C0275,new,Protein Shake,3,540,0,540,311.24,228.76
O01501,2026-04-03 17:43:44.438373,Thonglor,Tum,C0058,active,Signature Latte,1,90,20,70,29.76,40.24
O02352,2026-04-03 18:20:44.438373,Siam,Nok,C0690,new,Cocktail,1,260,0,260,125.99,134.01
O02251,2026-04-03 18:22:44.438373,Thonglor,Mek,C0081,at_risk,Classic Burger,2,520,0,520,225.8,294.2
O01783,2026-04-03 18:36:44.438373,Siam,Jane,C0673,active,Signature Latte,1,260,20,240,138.45,101.55
O01596,2026-04-03 18:47:44.438373,Siam,Jane,C0074,new,Craft Beer,3,780,30,750,368.16,381.84
O01113,2026-04-03 21:03:44.438373,Ari,Nok,C0212,active,Craft Beer,2,520,10,510,234.05,275.95
O00935,2026-04-03 23:00:44.438373,Siam,Ploy,C0287,active,Craft Beer,1,260,0,260,157.08,102.92
O01406,2026-04-03 23:01:44.438373,Siam,Bank,C0592,active,Craft Beer,1,120,0,120,54.0,66.0
O02261,2026-04-04 00:28:44.438373,Ari,Ploy,C0544,active,Signature Latte,1,260,10,250,99.9,150.1
O00932,2026-04-04 01:13:44.438373,Ari,Jane,C0123,at_risk,Craft Beer,2,240,30,210,91.57,118.43
O00897,2026-04-04 01:20:44.438373,Siam,Bank,C0291,active,Cocktail,1,260,30,230,91.25,138.75
O01921,2026-04-04 01:35:44.438373,Ari,Mek,C0195,new,Protein Shake,2,360,30,330,181.62,148.38
O00884,2026-04-04 01:43:44.438373,Siam,Nok,C0020,at_risk,Craft Beer,2,440,10,430,181.94,248.06
O00346,2026-04-04 01:54:44.438373,Siam,Jane,C0502,at_risk,Classic Burger,2,300,10,290,155.03,134.97
O01547,2026-04-04 03:39:44.438373,Thonglor,Mek,C0366,at_risk,Classic Burger,1,220,20,200,100.86,99.14
O00290,2026-04-04 06:08:44.438373,Siam,Tum,C0265,new,Classic Burger,2,520,30,490,249.79,240.21
O01249,2026-04-04 06:08:44.438373,Siam,Ploy,C0064,active,Craft Beer,3,780,0,780,305.31,474.69
O00251,2026-04-04 06:43:44.438373,Siam,Nok,C0119,at_risk,Set Menu,2,240,20,220,93.17,126.83
O02017,2026-04-04 06:45:44.438373,Ari,Ploy,C0495,active,Craft Beer,2,180,0,180,69.78,110.22
O02500,2026-04-04 07:09:44.438373,Siam,Bank,C0395,at_risk,Protein Shake,3,660,30,630,302.38,327.62
O01375,2026-04-04 08:44:44.438373,Siam,Bank,C0185,at_risk,Classic Burger,1,150,0,150,69.54,80.46
O01546,2026-04-04 10:30:44.438373,Siam,Mek,C0035,at_risk,Set Menu,3,540,30,510,300.4,209.6
O02053,2026-04-04 11:28:44.438373,Ari,Nok,C0340,new,Classic Burger,1,120,10,110,67.81,42.19
O01517,2026-04-04 11:48:44.438373,Ari,Bank,C0664,at_risk,Signature Latte,3,540,0,540,241.44,298.56
O00164,2026-04-04 14:01:44.438373,Ari,Tum,C0501,active,Protein Shake,2,360,0,360,154.13,205.87
O01058,2026-04-04 17:25:44.438373,Thonglor,Ploy,C0560,new,Protein Shake,1,90,10,80,40.66,39.34
O00559,2026-04-04 18:54:44.438373,Siam,Ploy,C0066,active,Cocktail,3,360,0,360,208.38,151.62
O00583,2026-04-04 19:54:44.438373,Siam,Bank,C0537,active,Signature Latte,1,180,30,150,89.83,60.17
O00938,2026-04-04 20:30:44.438373,Ari,Bank,C0010,active,Classic Burger,3,360,10,350,133.78,216.22
O02038,2026-04-04 21:16:44.438373,Ari,Nok,C0569,active,Protein Shake,2,300,30,270,156.83,113.17
O00012,2026-04-04 22:13:44.438373,Thonglor,Nok,C0613,at_risk,Protein Shake,2,300,20,280,149.24,130.76
O02475,2026-04-04 22:40:44.438373,Thonglor,Bank,C0102,at_risk,Classic Burger,1,120,0,120,56.97,63.03
O01568,2026-04-04 23:02:44.438373,Thonglor,Mek,C0197,new,Craft Beer,3,780,10,770,317.93,452.07
O01569,2026-04-04 23:10:44.438373,Siam,Tum,C0136,active,Classic Burger,2,240,30,210,85.78,124.22
O00184,2026-04-04 23:49:44.438373,Siam,Tum,C0642,new,Set Menu,2,520,20,500,254.79,245.21
O00551,2026-04-05 03:16:44.438373,Ari,Jane,C0498,active,Signature Latte,3,360,10,350,164.08,185.92
O01323,2026-04-05 06:51:44.438373,Siam,Nok,C0541,new,Craft Beer,2,520,30,490,259.41,230.59
O00142,2026-04-05 06:55:44.438373,Thonglor,Tum,C0243,active,Craft Beer,1,180,20,160,69.7,90.3
O01513,2026-04-05 07:05:44.438373,Siam,Bank,C0614,active,Classic Burger,2,360,10,350,209.76,140.24
O01891,2026-04-05 14:00:44.438373,Ari,Bank,C0443,at_risk,Set Menu,2,240,20,220,119.35,100.65
O01791,2026-04-05 14:40:44.438373,Thonglor,Bank,C0661,active,Craft Beer,2,240,20,220,96.65,123.35
O02447,2026-04-05 14:51:44.438373,Siam,Bank,C0600,new,Protein Shake,1,260,0,260,145.34,114.66
O00941,2026-04-05 15:36:44.438373,Ari,Bank,C0568,new,Set Menu,1,260,10,250,114.24,135.76
O02304,2026-04-05 16:42:44.438373,Thonglor,Bank,C0266,active,Protein Shake,1,150,20,130,69.39,60.61
O01381,2026-04-05 16:49:44.438373,Ari,Mek,C0017,at_risk,Craft Beer,1,120,30,90,46.4,43.6
O01637,2026-04-05 17:44:44.438373,Siam,Mek,C0223,at_risk,Set Menu,2,360,20,340,137.0,203.0
O00443,2026-04-05 18:02:44.438373,Thonglor,Tum,C0217,at_risk,Protein Shake,2,300,30,270,143.43,126.57
O01926,2026-04-05 20:08:44.438373,Thonglor,Tum,C0396,new,Signature Latte,1,150,30,120,46.25,73.75
O01277,2026-04-05 21:32:44.438373,Ari,Bank,C0373,at_risk,Protein Shake,1,260,20,240,138.62,101.38
O00542,2026-04-05 22:04:44.438373,Ari,Jane,C0112,new,Protein Shake,1,90,0,90,48.73,41.27
O01466,2026-04-05 22:30:44.438373,Siam,Bank,C0498,active,Cocktail,1,90,0,90,41.71,48.29
O01350,2026-04-05 22:47:44.438373,Ari,Mek,C0350,active,Cocktail,2,300,10,290,129.32,160.68
O00940,2026-04-05 22:58:44.438373,Ari,Nok,C0516,at_risk,Signature Latte,3,780,10,770,381.32,388.68
O02049,2026-04-06 00:10:44.438373,Siam,Jane,C0579,active,Protein Shake,2,240,20,220,107.49,112.51
O02097,2026-04-06 00:43:44.438373,Thonglor,Nok,C0001,new,Signature Latte,2,300,0,300,162.72,137.28
O00881,2026-04-06 01:56:44.438373,Ari,Jane,C0266,active,Signature Latte,1,120,20,100,58.69,41.31
O00649,2026-04-06 02:26:44.438373,Siam,Ploy,C0069,new,Protein Shake,1,150,20,130,76.53,53.47
O00683,2026-04-06 02:55:44.438373,Thonglor,Jane,C0300,active,Classic Burger,3,780,20,760,343.13,416.87
O02267,2026-04-06 03:42:44.438373,Thonglor,Mek,C0388,active,Signature Latte,2,520,0,520,238.93,281.07
O00304,2026-04-06 03:46:44.438373,Siam,Bank,C0658,new,Cocktail,1,150,30,120,69.49,50.51
O01318,2026-04-06 03:50:44.438373,Thonglor,Mek,C0587,active,Craft Beer,2,520,10,510,201.74,308.26
O01882,2026-04-06 04:03:44.438373,Siam,Jane,C0092,at_risk,Protein Shake,1,220,30,190,88.06,101.94
O01871,2026-04-06 04:31:44.438373,Thonglor,Jane,C0323,at_risk,Protein Shake,1,220,20,200,82.99,117.01
O01538,2026-04-06 05:17:44.438373,Siam,Mek,C0542,at_risk,Protein Shake,2,180,10,170,67.92,102.08
O01114,2026-04-06 06:08:44.438373,Ari,Mek,C0105,at_risk,Protein Shake,1,90,20,70,30.32,39.68
O02212,2026-04-06 07:54:44.438373,Siam,Nok,C0574,active,Set Menu,3,780,20,760,288.88,471.12
O02106,2026-04-06 08:16:44.438373,Ari,Mek,C0598,active,Set Menu,1,90,20,70,37.66,32.34
O01751,2026-04-06 08:17:44.438373,Ari,Ploy,C0538,at_risk,Classic Burger,2,520,0,520,266.2,253.8
O00815,2026-04-06 08:51:44.438373,Thonglor,Ploy,C0257,at_risk,Signature Latte,2,180,20,160,81.58,78.42
O00951,2026-04-06 09:16:44.438373,Ari,Ploy,C0012,active,Signature Latte,3,450,10,440,245.64,194.36
O00634,2026-04-06 09:23:44.438373,Ari,Ploy,C0117,active,Set Menu,1,90,10,80,31.47,48.53
O00877,2026-04-06 11:00:44.438373,Ari,Bank,C0582,new,Craft Beer,1,90,20,70,27.66,42.34
O00588,2026-04-06 11:06:44.438373,Ari,Ploy,C0551,at_risk,Craft Beer,2,520,30,490,236.36,253.64
O00272,2026-04-06 11:34:44.438373,Ari,Tum,C0679,active,Signature Latte,3,450,20,430,218.99,211.01
O00259,2026-04-06 13:04:44.438373,Ari,Jane,C0356,new,Classic Burger,2,440,30,410,203.12,206.88
O00528,2026-04-06 13:29:44.438373,Ari,Mek,C0316,new,Classic Burger,1,120,10,110,57.49,52.51
O00469,2026-04-06 14:10:44.438373,Ari,Tum,C0608,at_risk,Cocktail,3,450,20,430,214.05,215.95
O00122,2026-04-06 14:32:44.438373,Ari,Mek,C0017,active,Cocktail,3,360,30,330,189.95,140.05
O00135,2026-04-06 15:28:44.438373,Siam,Nok,C0516,at_risk,Signature Latte,2,300,0,300,166.18,133.82
O02448,2026-04-06 17:09:44.438373,Ari,Jane,C0495,new,Craft Beer,3,360,0,360,203.56,156.44
O01532,2026-04-06 17:32:44.438373,Siam,Bank,C0100,new,Classic Burger,2,360,0,360,155.98,204.02
O00378,2026-04-06 17:48:44.438373,Thonglor,Jane,C0164,active,Craft Beer,1,220,0,220,105.22,114.78
O01615,2026-04-06 17:59:44.438373,Thonglor,Nok,C0699,active,Craft Beer,3,270,10,260,119.19,140.81
O00842,2026-04-06 18:10:44.438373,Siam,Nok,C0011,new,Protein Shake,2,180,0,180,102.12,77.88
O02012,2026-04-06 18:43:44.438373,Ari,Bank,C0555,at_risk,Classic Burger,2,180,10,170,102.9,67.1
O02226,2026-04-06 18:44:44.438373,Siam,Tum,C0333,active,Craft Beer,1,120,0,120,73.33,46.67
O00635,2026-04-06 19:01:44.438373,Thonglor,Nok,C0318,at_risk,Classic Burger,3,270,0,270,117.61,152.39
O00538,2026-04-06 19:29:44.438373,Thonglor,Nok,C0476,active,Cocktail,1,260,10,250,95.0,155.0
O01084,2026-04-06 20:14:44.438373,Thonglor,Ploy,C0116,at_risk,Signature Latte,3,540,0,540,289.0,251.0
O00760,2026-04-06 21:28:44.438373,Thonglor,Bank,C0488,at_risk,Set Menu,2,360,0,360,150.84,209.16
O01961,2026-04-06 21:36:44.438373,Ari,Jane,C0118,active,Cocktail,2,180,0,180,85.98,94.02
O01342,2026-04-06 21:45:44.438373,Siam,Tum,C0422,active,Cocktail,1,150,30,120,68.24,51.76
O01321,2026-04-06 23:14:44.438373,Ari,Bank,C0563,active,Set Menu,1,150,10,140,77.28,62.72
O00250,2026-04-07 00:55:44.438373,Thonglor,Ploy,C0154,active,Set Menu,2,440,20,420,232.38,187.62
O00977,2026-04-07 01:08:44.438373,Ari,Jane,C0167,new,Craft Beer,2,300,0,300,130.17,169.83
O00050,2026-04-07 03:03:44.438373,Siam,Nok,C0277,at_risk,Classic Burger,2,240,30,210,127.01,82.99
O00954,2026-04-07 03:57:44.438373,Siam,Jane,C0147,at_risk,Set Menu,1,150,30,120,64.2,55.8
O00188,2026-04-07 04:09:44.438373,Siam,Tum,C0517,at_risk,Craft Beer,1,220,0,220,122.19,97.81
O01839,2026-04-07 09:12:44.438373,Siam,Tum,C0609,at_risk,Set Menu,3,450,10,440,174.55,265.45
O00509,2026-04-07 09:34:44.438373,Thonglor,Nok,C0316,new,Cocktail,2,520,10,510,249.42,260.58
O01870,2026-04-07 09:47:44.438373,Ari,Ploy,C0242,active,Classic Burger,3,270,0,270,113.67,156.33
O01011,2026-04-07 11:29:44.438373,Siam,Bank,C0481,new,Set Menu,1,150,20,130,78.63,51.37
O01315,2026-04-07 11:29:44.438373,Ari,Bank,C0072,active,Classic Burger,2,440,0,440,185.94,254.06
O02061,2026-04-07 12:17:44.438373,Siam,Tum,C0575,active,Set Menu,1,260,30,230,138.63,91.37
O01338,2026-04-07 12:19:44.438373,Siam,Bank,C0661,active,Classic Burger,1,180,0,180,86.29,93.71
O01457,2026-04-07 13:43:44.438373,Siam,Ploy,C0177,active,Set Menu,2,300,30,270,143.84,126.16
O01915,2026-04-07 14:55:44.438373,Siam,Jane,C0571,active,Classic Burger,1,180,30,150,76.37,73.63
O02488,2026-04-07 15:01:44.438373,Ari,Bank,C0117,at_risk,Protein Shake,1,150,0,150,70.85,79.15
O01595,2026-04-07 15:08:44.438373,Ari,Nok,C0309,new,Cocktail,1,260,20,240,106.98,133.02
O02290,2026-04-07 17:01:44.438373,Thonglor,Tum,C0422,at_risk,Classic Burger,3,360,0,360,153.43,206.57
O00236,2026-04-07 17:06:44.438373,Thonglor,Bank,C0399,at_risk,Protein Shake,2,440,0,440,215.98,224.02
O00993,2026-04-07 17:09:44.438373,Siam,Jane,C0041,active,Set Menu,1,90,0,90,38.3,51.7
O02166,2026-04-07 17:23:44.438373,Thonglor,Jane,C0438,new,Signature Latte,2,240,0,240,135.12,104.88
O01472,2026-04-07 17:52:44.438373,Thonglor,Jane,C0310,at_risk,Craft Beer,1,150,10,140,67.91,72.09
O01387,2026-04-07 18:12:44.438373,Siam,Ploy,C0488,active,Protein Shake,3,780,30,750,434.9,315.1
O00349,2026-04-07 18:50:44.438373,Siam,Bank,C0149,active,Cocktail,1,90,20,70,39.01,30.99
O00581,2026-04-07 21:38:44.438373,Siam,Ploy,C0682,active,Classic Burger,1,150,30,120,52.07,67.93
O00170,2026-04-07 23:34:44.438373,Thonglor,Mek,C0318,at_risk,Protein Shake,3,270,0,270,148.55,121.45
O00406,2026-04-08 00:19:44.438373,Thonglor,Bank,C0367,active,Set Menu,1,150,20,130,72.75,57.25
O00545,2026-04-08 01:16:44.438373,Siam,Mek,C0627,active,Protein Shake,2,440,10,430,183.65,246.35
O00242,2026-04-08 01:18:44.438373,Thonglor,Nok,C0233,active,Set Menu,2,300,0,300,172.75,127.25
O01309,2026-04-08 01:21:44.438373,Ari,Bank,C0023,active,Protein Shake,1,220,0,220,94.76,125.24
O00894,2026-04-08 01:43:44.438373,Siam,Mek,C0331,active,Protein Shake,1,260,20,240,111.83,128.17
O01026,2026-04-08 01:44:44.438373,Thonglor,Mek,C0429,new,Classic Burger,1,90,0,90,47.36,42.64
O02112,2026-04-08 04:25:44.438373,Siam,Jane,C0569,active,Classic Burger,2,300,0,300,124.75,175.25
O01780,2026-04-08 04:26:44.438373,Siam,Mek,C0427,active,Set Menu,3,540,10,530,306.71,223.29
O01003,2026-04-08 05:01:44.438373,Thonglor,Tum,C0024,active,Set Menu,3,660,30,630,317.49,312.51
O01722,2026-04-08 05:49:44.438373,Thonglor,Mek,C0533,active,Signature Latte,1,260,0,260,139.51,120.49
O02092,2026-04-08 07:40:44.438373,Ari,Mek,C0568,active,Classic Burger,1,150,10,140,55.09,84.91
O02335,2026-04-08 10:04:44.438373,Siam,Mek,C0077,active,Signature Latte,2,300,0,300,181.16,118.84
O02162,2026-04-08 11:09:44.438373,Thonglor,Ploy,C0520,new,Cocktail,1,120,0,120,54.72,65.28
O00702,2026-04-08 11:23:44.438373,Siam,Nok,C0001,at_risk,Classic Burger,3,540,30,510,200.12,309.88
O00446,2026-04-08 12:26:44.438373,Thonglor,Tum,C0508,active,Protein Shake,1,150,20,130,77.22,52.78
O01736,2026-04-08 14:31:44.438373,Ari,Bank,C0505,active,Signature Latte,2,360,20,340,185.25,154.75
O01555,2026-04-08 14:32:44.438373,Siam,Tum,C0320,active,Cocktail,2,240,30,210,100.26,109.74
O00178,2026-04-08 14:36:44.438373,Thonglor,Mek,C0526,at_risk,Set Menu,1,150,0,150,82.77,67.23
O00902,2026-04-08 14:38:44.438373,Thonglor,Mek,C0224,at_risk,Classic Burger,3,780,30,750,412.96,337.04
O00424,2026-04-08 15:23:44.438373,Thonglor,Nok,C0354,active,Cocktail,1,150,10,140,76.6,63.4
O00379,2026-04-08 16:33:44.438373,Siam,Bank,C0279,at_risk,Cocktail,1,120,0,120,58.94,61.06
O00395,2026-04-08 17:02:44.438373,Siam,Mek,C0559,active,Signature Latte,3,360,0,360,196.02,163.98
O00381,2026-04-08 17:54:44.438373,Siam,Bank,C0038,at_risk,Classic Burger,2,360,10,350,207.15,142.85
O01024,2026-04-08 22:28:44.438373,Ari,Ploy,C0609,active,Set Menu,2,520,0,520,247.41,272.59
O01732,2026-04-08 22:37:44.438373,Ari,Mek,C0361,active,Craft Beer,3,360,30,330,172.01,157.99
O00114,2026-04-08 23:00:44.438373,Siam,Ploy,C0328,new,Set Menu,2,180,0,180,77.99,102.01
O02217,2026-04-08 23:24:44.438373,Ari,Ploy,C0212,at_risk,Cocktail,2,300,20,280,147.74,132.26
O01978,2026-04-08 23:57:44.438373,Siam,Nok,C0202,active,Classic Burger,1,90,0,90,48.2,41.8
O02361,2026-04-09 00:01:44.438373,Siam,Jane,C0617,active,Protein Shake,1,120,30,90,41.87,48.13
O00621,2026-04-09 01:23:44.438373,Ari,Nok,C0543,active,Craft Beer,1,180,30,150,83.55,66.45
O00796,2026-04-09 02:48:44.438373,Ari,Tum,C0166,active,Craft Beer,1,180,0,180,95.21,84.79
O01967,2026-04-09 03:40:44.438373,Thonglor,Jane,C0195,active,Classic Burger,2,300,20,280,133.36,146.64
O01496,2026-04-09 04:05:44.438373,Siam,Jane,C0034,active,Protein Shake,1,90,20,70,28.2,41.8
O02070,2026-04-09 04:12:44.438373,Ari,Jane,C0498,at_risk,Classic Burger,3,660,30,630,319.84,310.16
O01135,2026-04-09 05:15:44.438373,Ari,Bank,C0325,new,Protein Shake,1,220,10,210,81.35,128.65
O01159,2026-04-09 05:40:44.438373,Siam,Mek,C0575,active,Craft Beer,3,540,10,530,251.48,278.52
O02357,2026-04-09 05:57:44.438373,Ari,Bank,C0070,at_risk,Signature Latte,1,90,20,70,38.19,31.81
O01415,2026-04-09 06:32:44.438373,Thonglor,Mek,C0115,new,Craft Beer,1,220,20,200,85.72,114.28
O02474,2026-04-09 06:37:44.438373,Thonglor,Nok,C0237,at_risk,Cocktail,1,150,0,150,71.15,78.85
O00688,2026-04-09 08:14:44.438373,Thonglor,Nok,C0071,active,Set Menu,2,240,20,220,104.15,115.85
O00412,2026-04-09 08:25:44.438373,Thonglor,Jane,C0445,at_risk,Protein Shake,2,180,30,150,80.99,69.01
O00215,2026-04-09 08:35:44.438373,Ari,Bank,C0509,new,Signature Latte,3,360,0,360,189.37,170.63
O01303,2026-04-09 08:48:44.438373,Siam,Mek,C0072,at_risk,Set Menu,1,220,0,220,122.03,97.97
O01641,2026-04-09 09:15:44.438373,Siam,Ploy,C0029,active,Signature Latte,2,300,30,270,162.98,107.02
O00544,2026-04-09 09:23:44.438373,Siam,Bank,C0441,active,Classic Burger,1,260,10,250,132.15,117.85
O01211,2026-04-09 11:28:44.438373,Thonglor,Nok,C0221,active,Set Menu,1,260,0,260,126.33,133.67
O00748,2026-04-09 11:53:44.438373,Thonglor,Mek,C0032,at_risk,Signature Latte,2,520,20,500,227.24,272.76
O01282,2026-04-09 12:11:44.438373,Thonglor,Jane,C0474,active,Set Menu,1,120,30,90,38.89,51.11
O02065,2026-04-09 12:19:44.438373,Thonglor,Bank,C0507,active,Signature Latte,3,540,30,510,288.29,221.71
O00762,2026-04-09 12:22:44.438373,Siam,Mek,C0524,active,Craft Beer,1,150,30,120,66.69,53.31
O02142,2026-04-09 12:22:44.438373,Ari,Bank,C0327,active,Classic Burger,1,260,0,260,124.34,135.66
O00060,2026-04-09 12:26:44.438373,Thonglor,Jane,C0361,at_risk,Protein Shake,2,240,20,220,113.77,106.23
O01422,2026-04-09 12:47:44.438373,Thonglor,Ploy,C0574,active,Craft Beer,1,220,10,210,117.31,92.69
O02456,2026-04-09 13:01:44.438373,Thonglor,Tum,C0530,at_risk,Protein Shake,2,240,10,230,129.97,100.03
O00729,2026-04-09 15:31:44.438373,Ari,Tum,C0533,active,Cocktail,3,270,10,260,120.76,139.24
O00497,2026-04-09 16:42:44.438373,Thonglor,Jane,C0415,active,Protein Shake,3,450,30,420,217.71,202.29
O00268,2026-04-09 18:22:44.438373,Siam,Mek,C0022,at_risk,Craft Beer,1,260,0,260,129.05,130.95
O00532,2026-04-09 19:11:44.438373,Ari,Mek,C0671,at_risk,Craft Beer,1,150,20,130,72.0,58.0
O00561,2026-04-09 19:15:44.438373,Ari,Jane,C0542,active,Signature Latte,2,520,10,510,256.99,253.01
O02406,2026-04-09 19:31:44.438373,Ari,Tum,C0662,active,Signature Latte,2,240,10,230,134.43,95.57
O00974,2026-04-09 20:07:44.438373,Thonglor,Nok,C0289,new,Set Menu,1,90,20,70,30.86,39.14
O01437,2026-04-09 21:51:44.438373,Siam,Tum,C0419,active,Cocktail,3,540,0,540,258.11,281.89
O01222,2026-04-09 22:23:44.438373,Siam,Mek,C0544,active,Cocktail,3,780,30,750,286.47,463.53
O01833,2026-04-09 22:59:44.438373,Siam,Nok,C0211,at_risk,Craft Beer,3,450,10,440,197.71,242.29
O01071,2026-04-10 00:32:44.438373,Siam,Bank,C0412,at_risk,Craft Beer,2,440,30,410,159.79,250.21
O02469,2026-04-10 00:52:44.438373,Thonglor,Jane,C0042,at_risk,Protein Shake,2,360,30,330,170.21,159.79
O01635,2026-04-10 01:09:44.438373,Thonglor,Bank,C0265,at_risk,Protein Shake,3,270,20,250,129.59,120.41
O00097,2026-04-10 03:00:44.438373,Siam,Tum,C0616,active,Protein Shake,1,90,0,90,53.63,36.37
O02008,2026-04-10 03:27:44.438373,Siam,Mek,C0622,active,Classic Burger,1,90,0,90,55.58,34.42
O01916,2026-04-10 03:40:44.438373,Siam,Nok,C0135,active,Craft Beer,2,520,10,510,260.0,250.0
O01754,2026-04-10 04:28:44.438373,Siam,Mek,C0371,at_risk,Cocktail,2,520,0,520,203.18,316.82
O00198,2026-04-10 04:41:44.438373,Siam,Jane,C0470,new,Cocktail,1,180,10,170,80.11,89.89
O00366,2026-04-10 04:56:44.438373,Siam,Tum,C0154,new,Classic Burger,2,180,0,180,94.04,85.96
O01701,2026-04-10 05:09:44.438373,Siam,Jane,C0225,at_risk,Cocktail,2,440,0,440,227.81,212.19
O01638,2026-04-10 05:26:44.438373,Thonglor,Jane,C0526,active,Set Menu,1,120,0,120,65.14,54.86
O00154,2026-04-10 06:30:44.438373,Thonglor,Tum,C0196,new,Classic Burger,1,180,20,160,67.69,92.31
O01356,2026-04-10 06:56:44.438373,Ari,Tum,C0696,active,Cocktail,1,150,0,150,72.7,77.3
O00915,2026-04-10 07:57:44.438373,Siam,Bank,C0352,new,Signature Latte,1,260,0,260,157.0,103.0
O02232,2026-04-10 11:00:44.438373,Ari,Ploy,C0364,active,Classic Burger,1,120,0,120,70.73,49.27
O02193,2026-04-10 12:08:44.438373,Siam,Tum,C0610,active,Signature Latte,2,300,0,300,125.84,174.16
O01861,2026-04-10 13:01:44.438373,Thonglor,Bank,C0503,at_risk,Set Menu,2,240,0,240,106.06,133.94
O01396,2026-04-10 13:19:44.438373,Siam,Tum,C0688,new,Set Menu,1,90,30,60,29.05,30.95
O01866,2026-04-10 13:23:44.438373,Siam,Nok,C0679,at_risk,Classic Burger,2,240,10,230,89.0,141.0
O01183,2026-04-10 13:25:44.438373,Ari,Jane,C0160,active,Set Menu,2,240,30,210,103.38,106.62
O01044,2026-04-10 14:22:44.438373,Thonglor,Bank,C0319,at_risk,Signature Latte,2,300,0,300,122.12,177.88
O02081,2026-04-10 14:33:44.438373,Siam,Ploy,C0376,new,Protein Shake,1,120,10,110,64.92,45.08
O00924,2026-04-10 15:11:44.438373,Siam,Nok,C0381,active,Set Menu,1,220,20,200,113.81,86.19
O01400,2026-04-10 15:30:44.438373,Ari,Ploy,C0138,active,Craft Beer,1,260,0,260,124.43,135.57
O00661,2026-04-10 15:56:44.438373,Ari,Mek,C0596,active,Craft Beer,1,220,0,220,97.46,122.54
O00887,2026-04-10 17:46:44.438373,Siam,Tum,C0379,active,Protein Shake,2,360,0,360,214.92,145.08
O00459,2026-04-10 17:52:44.438373,Siam,Mek,C0276,new,Craft Beer,3,450,0,450,178.67,271.33
O00118,2026-04-10 17:53:44.438373,Siam,Bank,C0261,active,Cocktail,1,120,0,120,56.06,63.94
O02046,2026-04-10 17:55:44.438373,Ari,Bank,C0652,active,Cocktail,1,180,30,150,58.92,91.08
O00092,2026-04-10 17:56:44.438373,Thonglor,Nok,C0319,active,Signature Latte,1,180,0,180,82.33,97.67
O01199,2026-04-10 18:15:44.438373,Ari,Jane,C0236,active,Set Menu,1,260,20,240,96.99,143.01
O00432,2026-04-10 18:37:44.438373,Siam,Tum,C0206,active,Protein Shake,2,300,0,300,137.12,162.88
O01001,2026-04-10 18:39:44.438373,Ari,Nok,C0296,new,Set Menu,2,440,30,410,161.18,248.82
O01490,2026-04-10 19:56:44.438373,Thonglor,Mek,C0308,active,Cocktail,3,660,10,650,331.58,318.42
O01476,2026-04-10 20:30:44.438373,Siam,Bank,C0273,active,Cocktail,3,780,10,770,378.9,391.1
O00906,2026-04-10 22:18:44.438373,Siam,Mek,C0662,active,Signature Latte,3,270,20,250,141.27,108.73
O00891,2026-04-10 22:20:44.438373,Thonglor,Nok,C0144,new,Set Menu,1,120,0,120,51.38,68.62
O01302,2026-04-10 22:40:44.438373,Ari,Jane,C0638,at_risk,Craft Beer,2,440,20,420,212.51,207.49
O02181,2026-04-10 23:02:44.438373,Siam,Ploy,C0629,at_risk,Set Menu,1,180,30,150,64.28,85.72
O01214,2026-04-10 23:19:44.438373,Ari,Ploy,C0662,at_risk,Signature Latte,1,120,20,100,54.93,45.07
O00794,2026-04-10 23:28:44.438373,Siam,Bank,C0235,at_risk,Signature Latte,2,520,0,520,263.5,256.5
O01079,2026-04-10 23:44:44.438373,Thonglor,Mek,C0653,at_risk,Protein Shake,1,150,10,140,73.91,66.09
O02032,2026-04-11 00:18:44.438373,Thonglor,Tum,C0146,active,Signature Latte,1,150,0,150,59.62,90.38
O02336,2026-04-11 01:11:44.438373,Thonglor,Jane,C0496,active,Signature Latte,3,780,10,770,475.69,294.31
O00549,2026-04-11 01:40:44.438373,Thonglor,Bank,C0563,at_risk,Cocktail,2,360,0,360,197.32,162.68
O02145,2026-04-11 04:24:44.438373,Thonglor,Mek,C0655,at_risk,Cocktail,3,540,0,540,205.23,334.77
O01092,2026-04-11 05:06:44.438373,Thonglor,Ploy,C0602,new,Classic Burger,1,180,10,170,82.9,87.1
O01219,2026-04-11 05:44:44.438373,Siam,Ploy,C0426,new,Protein Shake,3,270,10,260,132.47,127.53
O00208,2026-04-11 06:18:44.438373,Siam,Ploy,C0580,at_risk,Craft Beer,1,90,10,80,49.43,30.57
O02237,2026-04-11 06:23:44.438373,Ari,Ploy,C0447,at_risk,Classic Burger,1,220,10,210,90.79,119.21
O01922,2026-04-11 07:17:44.438373,Thonglor,Jane,C0016,at_risk,Protein Shake,1,180,30,150,85.73,64.27
O02291,2026-04-11 07:23:44.438373,Siam,Nok,C0321,new,Signature Latte,1,120,10,110,65.76,44.24
O00527,2026-04-11 07:32:44.438373,Siam,Mek,C0171,at_risk,Protein Shake,1,120,20,100,40.47,59.53
O00889,2026-04-11 08:20:44.438373,Thonglor,Nok,C0275,at_risk,Signature Latte,2,440,30,410,195.28,214.72
O00608,2026-04-11 08:42:44.438373,Siam,Mek,C0502,active,Set Menu,1,120,20,100,50.66,49.34
O01699,2026-04-11 09:34:44.438373,Ari,Mek,C0269,active,Cocktail,3,660,0,660,265.25,394.75
O02287,2026-04-11 09:39:44.438373,Siam,Ploy,C0386,new,Classic Burger,2,180,30,150,75.37,74.63
O01951,2026-04-11 09:49:44.438373,Thonglor,Nok,C0421,at_risk,Signature Latte,3,360,20,340,143.91,196.09
O01055,2026-04-11 10:30:44.438373,Ari,Tum,C0517,active,Classic Burger,2,360,10,350,176.7,173.3
O02490,2026-04-11 10:36:44.438373,Siam,Tum,C0291,new,Set Menu,3,660,0,660,278.87,381.13
O00341,2026-04-11 12:39:44.438373,Thonglor,Mek,C0390,active,Signature Latte,2,240,0,240,107.11,132.89
O02269,2026-04-11 12:44:44.438373,Thonglor,Nok,C0185,active,Cocktail,1,120,10,110,55.51,54.49
O02007,2026-04-11 13:40:44.438373,Siam,Mek,C0217,at_risk,Set Menu,1,90,20,70,34.41,35.59
O00612,2026-04-11 13:54:44.438373,Ari,Mek,C0697,new,Protein Shake,2,300,0,300,155.09,144.91
O02476,2026-04-11 14:17:44.438373,Siam,Mek,C0016,active,Classic Burger,1,220,10,210,120.07,89.93
O01270,2026-04-11 14:34:44.438373,Siam,Ploy,C0273,new,Classic Burger,1,180,0,180,101.59,78.41
O01023,2026-04-11 15:11:44.438373,Thonglor,Bank,C0173,active,Classic Burger,2,520,0,520,260.45,259.55
O00059,2026-04-11 16:57:44.438373,Ari,Mek,C0531,new,Protein Shake,1,220,20,200,102.8,97.2
O01206,2026-04-11 17:00:44.438373,Ari,Nok,C0277,active,Cocktail,2,240,30,210,128.64,81.36
O00611,2026-04-11 17:18:44.438373,Siam,Tum,C0593,at_risk,Set Menu,1,120,20,100,50.31,49.69
O00892,2026-04-11 19:44:44.438373,Siam,Ploy,C0297,active,Cocktail,1,220,30,190,87.54,102.46
O01234,2026-04-11 19:59:44.438373,Ari,Jane,C0048,new,Signature Latte,1,260,10,250,104.62,145.38
O01770,2026-04-11 20:44:44.438373,Siam,Mek,C0187,active,Craft Beer,1,90,30,60,23.02,36.98
O00126,2026-04-11 21:17:44.438373,Ari,Mek,C0055,active,Cocktail,2,180,10,170,76.72,93.28
O01382,2026-04-11 23:09:44.438373,Siam,Tum,C0009,active,Signature Latte,2,300,0,300,160.91,139.09
O01954,2026-04-11 23:52:44.438373,Thonglor,Ploy,C0285,new,Classic Burger,2,180,10,170,87.47,82.53
O00231,2026-04-12 01:59:44.438373,Thonglor,Ploy,C0436,at_risk,Craft Beer,3,540,0,540,247.28,292.72
O02207,2026-04-12 03:07:44.438373,Siam,Tum,C0274,active,Cocktail,1,180,10,170,96.61,73.39
O00525,2026-04-12 05:09:44.438373,Siam,Ploy,C0341,at_risk,Craft Beer,1,260,30,230,111.12,118.88
O01122,2026-04-12 07:27:44.438373,Ari,Bank,C0698,active,Cocktail,2,180,20,160,76.46,83.54
O00461,2026-04-12 07:39:44.438373,Siam,Bank,C0637,active,Classic Burger,2,520,20,500,289.19,210.81
O00282,2026-04-12 08:59:44.438373,Siam,Mek,C0314,active,Cocktail,1,220,10,210,86.96,123.04
O02110,2026-04-12 09:10:44.438373,Thonglor,Bank,C0544,active,Craft Beer,3,360,0,360,200.39,159.61
O02131,2026-04-12 09:39:44.438373,Siam,Nok,C0354,active,Craft Beer,1,120,20,100,55.24,44.76
O00218,2026-04-12 09:53:44.438373,Thonglor,Ploy,C0158,at_risk,Cocktail,1,180,0,180,73.43,106.57
O02144,2026-04-12 10:55:44.438373,Ari,Jane,C0051,new,Signature Latte,1,260,0,260,106.91,153.09
O01649,2026-04-12 17:36:44.438373,Siam,Ploy,C0536,active,Craft Beer,1,120,0,120,62.01,57.99
O00041,2026-04-12 18:10:44.438373,Siam,Mek,C0513,active,Cocktail,1,220,0,220,119.95,100.05
O01603,2026-04-12 18:42:44.438373,Siam,Nok,C0474,new,Protein Shake,2,300,30,270,139.4,130.6
O02009,2026-04-12 19:30:44.438373,Thonglor,Bank,C0201,active,Protein Shake,2,240,10,230,141.74,88.26
O00185,2026-04-12 23:13:44.438373,Ari,Jane,C0059,active,Signature Latte,1,220,0,220,90.05,129.95
O00754,2026-04-12 23:22:44.438373,Siam,Mek,C0062,active,Classic Burger,1,120,0,120,53.11,66.89
O00174,2026-04-12 23:52:44.438373,Siam,Tum,C0207,active,Classic Burger,1,180,0,180,85.82,94.18
O01212,2026-04-13 00:03:44.438373,Ari,Nok,C0137,at_risk,Craft Beer,1,260,10,250,135.44,114.56
O00836,2026-04-13 00:37:44.438373,Thonglor,Nok,C0318,active,Cocktail,1,150,20,130,75.64,54.36
O00691,2026-04-13 01:26:44.438373,Siam,Jane,C0184,at_risk,Cocktail,2,520,30,490,216.63,273.37
O01830,2026-04-13 03:52:44.438373,Thonglor,Mek,C0089,new,Set Menu,1,220,20,200,108.34,91.66
O00844,2026-04-13 05:29:44.438373,Thonglor,Mek,C0359,at_risk,Protein Shake,1,150,30,120,52.31,67.69
O01398,2026-04-13 05:42:44.438373,Siam,Jane,C0458,active,Signature Latte,3,360,0,360,155.81,204.19
O01144,2026-04-13 08:43:44.438373,Siam,Bank,C0007,active,Protein Shake,3,540,0,540,243.34,296.66
O00963,2026-04-13 09:18:44.438373,Ari,Bank,C0051,active,Signature Latte,2,240,30,210,89.28,120.72
O01304,2026-04-13 09:46:44.438373,Thonglor,Ploy,C0429,at_risk,Cocktail,3,540,30,510,284.73,225.27
O02489,2026-04-13 11:11:44.438373,Thonglor,Ploy,C0526,active,Set Menu,2,440,0,440,238.7,201.3
O02311,2026-04-13 11:46:44.438373,Ari,Bank,C0169,at_risk,Set Menu,1,220,30,190,93.7,96.3
O00225,2026-04-13 14:20:44.438373,Siam,Tum,C0494,new,Classic Burger,1,150,0,150,62.12,87.88
O00435,2026-04-13 14:25:44.438373,Thonglor,Mek,C0500,new,Set Menu,1,120,0,120,68.12,51.88
O02457,2026-04-13 14:55:44.438373,Siam,Tum,C0032,at_risk,Classic Burger,1,260,0,260,127.28,132.72
O00791,2026-04-13 15:13:44.438373,Thonglor,Jane,C0026,at_risk,Craft Beer,3,270,0,270,163.86,106.14
O00986,2026-04-13 15:51:44.438373,Siam,Mek,C0095,at_risk,Craft Beer,1,120,30,90,40.78,49.22
O02129,2026-04-13 15:52:44.438373,Siam,Bank,C0679,active,Craft Beer,1,120,20,100,54.38,45.62
O01842,2026-04-13 16:00:44.438373,Ari,Jane,C0508,at_risk,Protein Shake,1,180,0,180,105.46,74.54
O02356,2026-04-13 18:44:44.438373,Thonglor,Jane,C0237,active,Classic Burger,2,520,0,520,277.58,242.42
O02147,2026-04-13 19:48:44.438373,Thonglor,Nok,C0635,active,Craft Beer,1,120,10,110,61.1,48.9
O01571,2026-04-13 20:20:44.438373,Ari,Ploy,C0123,at_risk,Protein Shake,3,270,0,270,107.56,162.44
O01715,2026-04-13 20:47:44.438373,Thonglor,Nok,C0457,active,Cocktail,1,90,30,60,28.33,31.67
O02408,2026-04-13 22:12:44.438373,Thonglor,Jane,C0608,active,Craft Beer,2,440,20,420,173.6,246.4
O00301,2026-04-13 22:19:44.438373,Thonglor,Jane,C0571,active,Signature Latte,1,90,30,60,26.9,33.1
O01002,2026-04-13 23:27:44.438373,Ari,Tum,C0456,active,Craft Beer,3,450,0,450,271.84,178.16
O01934,2026-04-14 00:33:44.438373,Siam,Tum,C0581,active,Set Menu,1,90,20,70,43.37,26.63
O00788,2026-04-14 01:03:44.438373,Thonglor,Ploy,C0400,new,Set Menu,2,180,20,160,98.37,61.63
O02484,2026-04-14 02:52:44.438373,Siam,Ploy,C0240,active,Set Menu,2,520,0,520,211.36,308.64
O00224,2026-04-14 03:00:44.438373,Ari,Mek,C0382,at_risk,Set Menu,1,150,30,120,68.09,51.91
O00431,2026-04-14 04:28:44.438373,Thonglor,Mek,C0333,at_risk,Classic Burger,1,180,20,160,81.75,78.25
O02157,2026-04-14 06:50:44.438373,Ari,Mek,C0266,active,Protein Shake,1,220,30,190,95.06,94.94
O02414,2026-04-14 07:17:44.438373,Thonglor,Jane,C0370,active,Cocktail,1,90,20,70,36.18,33.82
O01980,2026-04-14 07:58:44.438373,Ari,Mek,C0186,at_risk,Craft Beer,2,180,20,160,63.72,96.28
O01665,2026-04-14 10:38:44.438373,Siam,Tum,C0199,active,Protein Shake,1,180,0,180,91.19,88.81
O02442,2026-04-14 10:56:44.438373,Siam,Nok,C0145,active,Classic Burger,2,520,30,490,240.28,249.72
O02168,2026-04-14 11:14:44.438373,Thonglor,Mek,C0619,new,Classic Burger,2,440,30,410,209.47,200.53
O01814,2026-04-14 12:13:44.438373,Siam,Bank,C0630,active,Protein Shake,2,440,0,440,219.78,220.22
O00313,2026-04-14 12:14:44.438373,Siam,Ploy,C0427,active,Protein Shake,2,300,30,270,136.12,133.88
O01981,2026-04-14 12:29:44.438373,Siam,Nok,C0132,at_risk,Protein Shake,2,180,10,170,71.22,98.78
O01900,2026-04-14 12:55:44.438373,Siam,Mek,C0464,new,Craft Beer,2,360,20,340,180.33,159.67
O00015,2026-04-14 13:04:44.438373,Siam,Jane,C0646,active,Classic Burger,3,540,0,540,286.12,253.88
O00896,2026-04-14 13:42:44.438373,Thonglor,Bank,C0465,active,Cocktail,2,300,20,280,148.66,131.34
O00885,2026-04-14 13:54:44.438373,Thonglor,Nok,C0215,at_risk,Craft Beer,1,180,20,160,96.61,63.39
O00111,2026-04-14 14:19:44.438373,Ari,Ploy,C0018,active,Protein Shake,3,660,0,660,256.59,403.41
O01012,2026-04-14 16:06:44.438373,Thonglor,Bank,C0018,active,Protein Shake,1,220,20,200,94.3,105.7
O01087,2026-04-14 16:16:44.438373,Ari,Mek,C0099,active,Craft Beer,1,220,20,200,109.08,90.92
O02126,2026-04-14 16:55:44.438373,Ari,Nok,C0027,at_risk,Signature Latte,1,150,30,120,61.84,58.16
O01049,2026-04-14 18:21:44.438373,Siam,Jane,C0208,active,Set Menu,1,90,0,90,39.16,50.84
O01440,2026-04-14 20:43:44.438373,Siam,Tum,C0483,new,Protein Shake,1,180,20,160,62.57,97.43
O01521,2026-04-14 20:57:44.438373,Siam,Bank,C0181,active,Set Menu,1,120,30,90,50.63,39.37
O01938,2026-04-14 21:11:44.438373,Siam,Tum,C0153,at_risk,Cocktail,2,240,0,240,122.57,117.43
O00507,2026-04-14 22:04:44.438373,Siam,Ploy,C0447,active,Protein Shake,1,90,30,60,35.78,24.22
O00244,2026-04-14 22:18:44.438373,Thonglor,Ploy,C0562,active,Protein Shake,2,240,0,240,98.79,141.21
O01215,2026-04-14 22:31:44.438373,Siam,Bank,C0060,active,Craft Beer,1,150,0,150,72.09,77.91
O02188,2026-04-14 23:00:44.438373,Thonglor,Tum,C0017,at_risk,Protein Shake,2,240,30,210,119.95,90.05
O00203,2026-04-15 00:06:44.438373,Siam,Mek,C0584,at_risk,Signature Latte,1,90,0,90,37.98,52.02
O00357,2026-04-15 00:26:44.438373,Ari,Bank,C0471,active,Classic Burger,1,220,0,220,115.45,104.55
O00998,2026-04-15 00:38:44.438373,Siam,Bank,C0077,at_risk,Set Menu,1,150,30,120,65.46,54.54
O02416,2026-04-15 00:56:44.438373,Siam,Tum,C0286,at_risk,Protein Shake,1,90,20,70,38.91,31.09
O00029,2026-04-15 01:37:44.438373,Siam,Ploy,C0401,active,Classic Burger,1,180,0,180,89.74,90.26
O00784,2026-04-15 01:50:44.438373,Thonglor,Mek,C0516,active,Classic Burger,2,520,0,520,292.84,227.16
O00711,2026-04-15 02:00:44.438373,Siam,Mek,C0396,at_risk,Classic Burger,1,260,10,250,143.7,106.3
O01166,2026-04-15 02:16:44.438373,Thonglor,Nok,C0691,active,Classic Burger,2,360,10,350,212.18,137.82
O01684,2026-04-15 02:38:44.438373,Siam,Bank,C0589,active,Signature Latte,2,180,0,180,75.11,104.89
O02192,2026-04-15 03:57:44.438373,Ari,Bank,C0648,new,Protein Shake,1,120,0,120,66.54,53.46
O00314,2026-04-15 04:11:44.438373,Ari,Mek,C0688,active,Classic Burger,1,90,0,90,48.83,41.17
O00572,2026-04-15 04:19:44.438373,Siam,Tum,C0658,active,Signature Latte,2,300,0,300,124.26,175.74
O00942,2026-04-15 04:26:44.438373,Ari,Jane,C0568,at_risk,Set Menu,1,150,10,140,59.6,80.4
O02153,2026-04-15 05:58:44.438373,Thonglor,Ploy,C0323,at_risk,Cocktail,1,150,20,130,57.35,72.65
O01689,2026-04-15 06:21:44.438373,Ari,Jane,C0146,active,Signature Latte,3,270,0,270,105.35,164.65
O00127,2026-04-15 08:51:44.438373,Siam,Ploy,C0244,new,Cocktail,2,180,0,180,69.75,110.25
O00252,2026-04-15 10:51:44.438373,Ari,Tum,C0536,active,Craft Beer,1,220,0,220,113.25,106.75
O01645,2026-04-15 11:50:44.438373,Siam,Ploy,C0528,active,Signature Latte,3,660,20,640,303.13,336.87
O00190,2026-04-15 11:53:44.438373,Siam,Tum,C0053,active,Signature Latte,1,90,20,70,37.97,32.03
O01982,2026-04-15 12:06:44.438373,Thonglor,Bank,C0625,active,Protein Shake,1,260,10,250,130.17,119.83
O00400,2026-04-15 13:14:44.438373,Ari,Ploy,C0596,new,Craft Beer,3,540,10,530,256.14,273.86
O01125,2026-04-15 15:08:44.438373,Siam,Bank,C0311,active,Craft Beer,1,260,10,250,151.83,98.17
O01063,2026-04-15 15:49:44.438373,Ari,Mek,C0316,new,Craft Beer,2,180,0,180,108.84,71.16
O01486,2026-04-15 16:07:44.438373,Siam,Bank,C0540,active,Craft Beer,1,220,20,200,123.33,76.67
O01936,2026-04-15 16:28:44.438373,Ari,Ploy,C0424,active,Set Menu,1,260,20,240,113.57,126.43
O01976,2026-04-15 17:55:44.438373,Ari,Nok,C0522,active,Craft Beer,1,90,0,90,42.99,47.01
O02175,2026-04-15 19:57:44.438373,Siam,Mek,C0256,new,Classic Burger,2,240,0,240,110.55,129.45
O00944,2026-04-15 20:13:44.438373,Ari,Jane,C0257,at_risk,Signature Latte,1,120,0,120,64.6,55.4
O01433,2026-04-15 21:09:44.438373,Ari,Tum,C0335,new,Signature Latte,1,120,0,120,54.56,65.44
O02066,2026-04-15 23:28:44.438373,Thonglor,Nok,C0386,active,Cocktail,1,120,0,120,47.92,72.08
O02312,2026-04-16 01:13:44.438373,Siam,Bank,C0337,at_risk,Classic Burger,2,240,10,230,131.35,98.65
O01391,2026-04-16 01:56:44.438373,Ari,Ploy,C0564,active,Set Menu,1,120,0,120,70.27,49.73
O02446,2026-04-16 02:38:44.438373,Siam,Bank,C0237,active,Classic Burger,1,260,30,230,127.01,102.99
O02130,2026-04-16 05:11:44.438373,Thonglor,Tum,C0052,at_risk,Protein Shake,1,220,20,200,121.01,78.99
O01818,2026-04-16 05:34:44.438373,Ari,Nok,C0170,new,Signature Latte,3,450,20,430,173.69,256.31
O02006,2026-04-16 05:59:44.438373,Ari,Ploy,C0118,active,Signature Latte,1,220,0,220,95.82,124.18
O00943,2026-04-16 06:36:44.438373,Siam,Jane,C0442,at_risk,Craft Beer,1,120,20,100,49.64,50.36
O02364,2026-04-16 07:14:44.438373,Siam,Nok,C0631,active,Set Menu,2,300,10,290,157.54,132.46
O00296,2026-04-16 08:17:44.438373,Ari,Bank,C0406,at_risk,Protein Shake,1,220,10,210,91.77,118.23
O00560,2026-04-16 08:33:44.438373,Ari,Mek,C0599,active,Cocktail,1,120,30,90,38.42,51.58
O00263,2026-04-16 08:42:44.438373,Ari,Jane,C0196,active,Protein Shake,2,300,20,280,148.04,131.96
O01549,2026-04-16 10:49:44.438373,Siam,Tum,C0675,at_risk,Protein Shake,2,520,0,520,282.95,237.05
O00936,2026-04-16 12:06:44.438373,Ari,Nok,C0244,new,Signature Latte,2,520,0,520,273.93,246.07
O00271,2026-04-16 13:32:44.438373,Thonglor,Mek,C0026,active,Craft Beer,3,540,20,520,229.49,290.51
O02223,2026-04-16 16:18:44.438373,Siam,Tum,C0019,active,Protein Shake,1,90,30,60,28.15,31.85
O00781,2026-04-16 16:34:44.438373,Siam,Bank,C0468,active,Cocktail,1,260,30,230,89.13,140.87
O02293,2026-04-16 17:00:44.438373,Ari,Tum,C0635,new,Cocktail,2,180,20,160,82.7,77.3
O01292,2026-04-16 17:30:44.438373,Thonglor,Mek,C0015,new,Set Menu,3,660,0,660,261.35,398.65
O01577,2026-04-16 20:55:44.438373,Siam,Tum,C0061,active,Cocktail,3,360,0,360,218.58,141.42
O01109,2026-04-16 21:23:44.438373,Thonglor,Jane,C0363,active,Set Menu,2,520,20,500,203.86,296.14
O00150,2026-04-16 21:44:44.438373,Ari,Mek,C0356,active,Cocktail,1,90,30,60,34.85,25.15
O02477,2026-04-16 22:33:44.438373,Ari,Bank,C0624,at_risk,Classic Burger,2,360,10,350,142.08,207.92
O01766,2026-04-17 00:23:44.438373,Siam,Bank,C0509,at_risk,Craft Beer,2,520,0,520,212.62,307.38
O01846,2026-04-17 01:59:44.438373,Siam,Mek,C0477,at_risk,Protein Shake,2,300,0,300,185.68,114.32
O01439,2026-04-17 03:16:44.438373,Siam,Ploy,C0500,active,Set Menu,1,180,30,150,73.94,76.06
O00874,2026-04-17 03:33:44.438373,Siam,Jane,C0176,new,Protein Shake,2,440,20,420,231.05,188.95
O01750,2026-04-17 03:38:44.438373,Siam,Tum,C0036,at_risk,Set Menu,1,120,10,110,59.94,50.06
O00460,2026-04-17 03:41:44.438373,Thonglor,Bank,C0056,new,Protein Shake,2,440,20,420,257.69,162.31
O00055,2026-04-17 04:01:44.438373,Thonglor,Jane,C0693,active,Cocktail,1,220,20,200,121.42,78.58
O01253,2026-04-17 04:02:44.438373,Ari,Mek,C0036,active,Signature Latte,2,240,10,230,132.51,97.49
O02281,2026-04-17 04:20:44.438373,Thonglor,Mek,C0585,active,Signature Latte,1,90,30,60,26.41,33.59
O01843,2026-04-17 04:27:44.438373,Siam,Nok,C0230,active,Set Menu,1,90,10,80,40.34,39.66
O01610,2026-04-17 05:13:44.438373,Siam,Jane,C0148,active,Signature Latte,1,120,10,110,59.01,50.99
O02199,2026-04-17 06:45:44.438373,Siam,Tum,C0651,active,Craft Beer,2,300,20,280,150.03,129.97
O02010,2026-04-17 07:27:44.438373,Ari,Tum,C0046,active,Cocktail,3,540,30,510,273.84,236.16
O01877,2026-04-17 10:14:44.438373,Siam,Jane,C0188,at_risk,Craft Beer,2,180,0,180,72.95,107.05
O01712,2026-04-17 10:21:44.438373,Siam,Ploy,C0518,at_risk,Signature Latte,2,240,0,240,117.84,122.16
O01516,2026-04-17 11:08:44.438373,Thonglor,Tum,C0378,at_risk,Signature Latte,1,260,20,240,107.46,132.54
O00280,2026-04-17 13:14:44.438373,Thonglor,Nok,C0395,at_risk,Classic Burger,1,180,0,180,73.18,106.82
O00264,2026-04-17 13:56:44.438373,Ari,Jane,C0426,at_risk,Cocktail,3,360,10,350,213.93,136.07
O01201,2026-04-17 14:03:44.438373,Siam,Bank,C0431,at_risk,Craft Beer,1,150,20,130,69.17,60.83
O00325,2026-04-17 14:06:44.438373,Ari,Tum,C0695,active,Cocktail,1,150,0,150,92.32,57.68
O01556,2026-04-17 14:11:44.438373,Siam,Mek,C0195,new,Signature Latte,1,180,20,160,63.87,96.13
O01984,2026-04-17 14:14:44.438373,Ari,Mek,C0137,new,Signature Latte,1,220,0,220,131.8,88.2
O00048,2026-04-17 14:54:44.438373,Siam,Tum,C0253,new,Protein Shake,1,120,10,110,46.97,63.03
O00258,2026-04-17 15:47:44.438373,Thonglor,Ploy,C0426,at_risk,Craft Beer,2,520,0,520,313.62,206.38
O02347,2026-04-17 16:10:44.438373,Thonglor,Nok,C0179,new,Protein Shake,2,180,0,180,69.93,110.07
O02119,2026-04-17 18:55:44.438373,Thonglor,Mek,C0046,at_risk,Set Menu,3,780,20,760,336.31,423.69
O00448,2026-04-17 19:30:44.438373,Thonglor,Ploy,C0683,active,Set Menu,2,240,10,230,119.47,110.53
O01583,2026-04-17 19:49:44.438373,Siam,Bank,C0625,active,Cocktail,1,220,0,220,114.29,105.71
O01346,2026-04-17 22:36:44.438373,Thonglor,Jane,C0231,active,Craft Beer,1,260,30,230,141.25,88.75
O02483,2026-04-17 23:20:44.438373,Siam,Mek,C0399,active,Classic Burger,1,260,20,240,98.45,141.55
O00871,2026-04-18 00:06:44.438373,Siam,Tum,C0048,active,Set Menu,3,360,20,340,139.84,200.16
O01412,2026-04-18 01:13:44.438373,Thonglor,Mek,C0189,new,Craft Beer,1,150,20,130,56.71,73.29
O00345,2026-04-18 02:16:44.438373,Siam,Bank,C0431,at_risk,Signature Latte,2,440,0,440,196.6,243.4
O00214,2026-04-18 02:18:44.438373,Thonglor,Nok,C0633,active,Classic Burger,2,300,30,270,150.37,119.63
O01987,2026-04-18 03:47:44.438373,Siam,Tum,C0335,at_risk,Classic Burger,3,270,20,250,150.62,99.38
O01018,2026-04-18 04:52:44.438373,Ari,Bank,C0296,active,Set Menu,2,360,0,360,163.0,197.0
O01005,2026-04-18 05:21:44.438373,Thonglor,Tum,C0417,active,Cocktail,1,180,0,180,103.62,76.38
O00099,2026-04-18 05:21:44.438373,Siam,Nok,C0254,active,Craft Beer,2,520,0,520,236.5,283.5
O00847,2026-04-18 08:36:44.438373,Ari,Ploy,C0324,new,Signature Latte,1,260,10,250,148.3,101.7
O01836,2026-04-18 09:49:44.438373,Thonglor,Nok,C0474,at_risk,Set Menu,2,360,20,340,204.14,135.86
O01911,2026-04-18 10:45:44.438373,Ari,Mek,C0377,active,Set Menu,2,300,20,280,158.27,121.73
O00872,2026-04-18 11:25:44.438373,Thonglor,Jane,C0337,active,Cocktail,1,150,30,120,71.2,48.8
O00367,2026-04-18 13:04:44.438373,Thonglor,Jane,C0450,at_risk,Set Menu,2,300,30,270,163.75,106.25
O01395,2026-04-18 14:10:44.438373,Ari,Nok,C0549,active,Craft Beer,1,220,0,220,125.59,94.41
O02149,2026-04-18 14:10:44.438373,Ari,Bank,C0272,active,Protein Shake,1,180,30,150,92.36,57.64
O00008,2026-04-18 14:57:44.438373,Siam,Jane,C0338,active,Craft Beer,3,780,20,760,297.05,462.95
O01601,2026-04-18 15:27:44.438373,Ari,Tum,C0331,active,Classic Burger,1,260,0,260,107.87,152.13
O01192,2026-04-18 17:23:44.438373,Thonglor,Jane,C0581,active,Signature Latte,1,90,0,90,44.12,45.88
O00556,2026-04-18 18:33:44.438373,Ari,Bank,C0513,new,Craft Beer,1,180,0,180,95.18,84.82
O02055,2026-04-18 20:08:44.438373,Siam,Mek,C0136,new,Set Menu,3,360,20,340,203.26,136.74
O01121,2026-04-18 21:59:44.438373,Ari,Jane,C0132,active,Signature Latte,1,150,0,150,86.78,63.22
O01010,2026-04-18 22:02:44.438373,Siam,Nok,C0260,active,Protein Shake,2,440,0,440,208.59,231.41
O01781,2026-04-18 23:24:44.438373,Ari,Tum,C0692,active,Set Menu,2,440,0,440,266.29,173.71
O00755,2026-04-19 00:22:44.438373,Siam,Mek,C0445,new,Classic Burger,1,220,20,200,82.61,117.39
O01263,2026-04-19 00:23:44.438373,Thonglor,Bank,C0448,at_risk,Cocktail,3,540,20,520,214.87,305.13
O00162,2026-04-19 01:09:44.438373,Thonglor,Ploy,C0686,active,Protein Shake,2,520,0,520,306.0,214.0
O01591,2026-04-19 01:23:44.438373,Thonglor,Ploy,C0390,active,Signature Latte,1,120,0,120,72.38,47.62
O00362,2026-04-19 02:38:44.438373,Siam,Mek,C0277,at_risk,Cocktail,1,260,10,250,140.67,109.33
O01824,2026-04-19 03:26:44.438373,Siam,Bank,C0030,new,Protein Shake,2,360,0,360,147.23,212.77
O02218,2026-04-19 03:35:44.438373,Siam,Ploy,C0073,at_risk,Set Menu,2,240,10,230,114.67,115.33
O00270,2026-04-19 05:16:44.438373,Thonglor,Bank,C0214,new,Set Menu,1,220,20,200,102.15,97.85
O00328,2026-04-19 05:25:44.438373,Siam,Ploy,C0575,at_risk,Protein Shake,2,440,0,440,234.8,205.2
O01301,2026-04-19 05:48:44.438373,Thonglor,Bank,C0633,at_risk,Classic Burger,1,150,30,120,45.63,74.37
O01718,2026-04-19 07:11:44.438373,Siam,Bank,C0031,active,Protein Shake,2,180,10,170,72.54,97.46
O00739,2026-04-19 07:42:44.438373,Thonglor,Mek,C0115,at_risk,Set Menu,1,260,0,260,120.69,139.31
O00463,2026-04-19 07:53:44.438373,Thonglor,Tum,C0355,new,Classic Burger,3,780,30,750,371.13,378.87
O02117,2026-04-19 08:08:44.438373,Siam,Bank,C0628,active,Signature Latte,1,180,0,180,90.96,89.04
O00575,2026-04-19 08:20:44.438373,Siam,Nok,C0439,at_risk,Protein Shake,2,240,20,220,87.44,132.56
O01392,2026-04-19 08:42:44.438373,Thonglor,Jane,C0104,active,Classic Burger,3,450,20,430,167.99,262.01
O02040,2026-04-19 08:46:44.438373,Siam,Tum,C0011,active,Set Menu,3,360,0,360,142.33,217.67
O00745,2026-04-19 09:35:44.438373,Siam,Tum,C0602,active,Classic Burger,2,360,20,340,180.5,159.5
O00102,2026-04-19 09:38:44.438373,Siam,Mek,C0302,active,Craft Beer,2,300,0,300,138.66,161.34
O01080,2026-04-19 10:31:44.438373,Thonglor,Ploy,C0487,new,Signature Latte,2,300,0,300,167.77,132.23
O00584,2026-04-19 10:43:44.438373,Siam,Tum,C0168,new,Set Menu,1,90,30,60,33.38,26.62
O01235,2026-04-19 11:58:44.438373,Thonglor,Nok,C0502,active,Craft Beer,2,300,20,280,137.95,142.05
O00597,2026-04-19 13:53:44.438373,Siam,Tum,C0612,active,Protein Shake,1,180,10,170,99.12,70.88
O00979,2026-04-19 13:55:44.438373,Thonglor,Ploy,C0087,at_risk,Craft Beer,1,180,0,180,79.31,100.69
O00171,2026-04-19 14:52:44.438373,Thonglor,Ploy,C0127,active,Craft Beer,1,180,20,160,83.74,76.26
O00372,2026-04-19 15:13:44.438373,Ari,Mek,C0017,at_risk,Classic Burger,2,520,10,510,200.86,309.14
O01611,2026-04-19 15:40:44.438373,Siam,Bank,C0378,active,Set Menu,2,360,0,360,163.06,196.94
O02278,2026-04-19 15:45:44.438373,Thonglor,Ploy,C0280,at_risk,Signature Latte,2,180,10,170,96.59,73.41
O02333,2026-04-19 16:02:44.438373,Ari,Ploy,C0523,at_risk,Craft Beer,2,180,10,170,80.67,89.33
O00057,2026-04-19 16:41:44.438373,Siam,Ploy,C0634,new,Set Menu,1,220,30,190,82.35,107.65
O02379,2026-04-19 18:05:44.438373,Ari,Nok,C0265,active,Signature Latte,1,150,0,150,76.58,73.42
O00983,2026-04-19 18:09:44.438373,Ari,Nok,C0496,active,Cocktail,1,180,30,150,74.57,75.43
O01512,2026-04-19 18:34:44.438373,Siam,Ploy,C0373,at_risk,Classic Burger,2,440,0,440,172.94,267.06
O00613,2026-04-19 18:41:44.438373,Siam,Tum,C0609,at_risk,Signature Latte,3,780,0,780,327.81,452.19
O00957,2026-04-19 19:07:44.438373,Siam,Tum,C0653,active,Signature Latte,1,220,0,220,97.49,122.51
O00911,2026-04-19 19:11:44.438373,Siam,Bank,C0209,active,Signature Latte,1,220,0,220,131.25,88.75
O00818,2026-04-19 19:44:44.438373,Siam,Bank,C0273,at_risk,Cocktail,1,260,30,230,108.17,121.83
O01408,2026-04-19 21:22:44.438373,Ari,Mek,C0312,active,Signature Latte,1,260,20,240,138.09,101.91
O01198,2026-04-19 21:29:44.438373,Siam,Ploy,C0003,at_risk,Protein Shake,1,260,20,240,105.95,134.05
O01425,2026-04-19 21:38:44.438373,Siam,Bank,C0667,active,Signature Latte,2,440,0,440,198.87,241.13
O02384,2026-04-19 22:47:44.438373,Siam,Nok,C0422,at_risk,Craft Beer,1,90,10,80,42.86,37.14
O02294,2026-04-20 00:08:44.438373,Siam,Mek,C0416,at_risk,Classic Burger,2,300,0,300,148.1,151.9
O00725,2026-04-20 00:29:44.438373,Ari,Jane,C0415,active,Classic Burger,1,220,0,220,106.14,113.86
O01354,2026-04-20 00:44:44.438373,Siam,Nok,C0266,at_risk,Craft Beer,1,260,0,260,136.25,123.75
O00125,2026-04-20 01:29:44.438373,Ari,Mek,C0029,active,Protein Shake,3,450,0,450,179.94,270.06
O02108,2026-04-20 03:15:44.438373,Siam,Jane,C0104,at_risk,Protein Shake,1,120,30,90,45.69,44.31
O00377,2026-04-20 03:22:44.438373,Siam,Tum,C0505,active,Craft Beer,2,180,10,170,88.83,81.17
O00204,2026-04-20 04:07:44.438373,Thonglor,Bank,C0167,active,Craft Beer,1,220,20,200,89.19,110.81
O02067,2026-04-20 05:46:44.438373,Siam,Mek,C0214,at_risk,Classic Burger,2,360,30,330,186.24,143.76
O02205,2026-04-20 05:53:44.438373,Siam,Mek,C0500,active,Signature Latte,2,360,10,350,156.98,193.02
O02220,2026-04-20 06:13:44.438373,Siam,Bank,C0660,at_risk,Set Menu,3,360,10,350,145.38,204.62
O01998,2026-04-20 07:39:44.438373,Thonglor,Nok,C0374,at_risk,Protein Shake,2,520,20,500,273.22,226.78
O01102,2026-04-20 08:37:44.438373,Siam,Jane,C0673,new,Signature Latte,2,440,10,430,193.08,236.92
O02413,2026-04-20 08:47:44.438373,Siam,Mek,C0366,active,Set Menu,1,180,30,150,62.19,87.81
O01438,2026-04-20 13:09:44.438373,Thonglor,Ploy,C0023,active,Set Menu,1,220,20,200,98.57,101.43
O00848,2026-04-20 15:18:44.438373,Thonglor,Nok,C0127,active,Cocktail,2,440,20,420,211.92,208.08
O01244,2026-04-20 15:19:44.438373,Siam,Jane,C0074,active,Cocktail,3,540,10,530,253.12,276.88
O01970,2026-04-20 16:21:44.438373,Ari,Ploy,C0053,active,Classic Burger,3,780,30,750,383.15,366.85
O00676,2026-04-20 17:04:44.438373,Siam,Nok,C0255,active,Classic Burger,3,270,0,270,151.6,118.4
O02493,2026-04-20 18:55:44.438373,Thonglor,Nok,C0132,new,Protein Shake,2,300,0,300,185.42,114.58
O01447,2026-04-20 21:06:44.438373,Siam,Jane,C0395,at_risk,Craft Beer,2,300,20,280,135.53,144.47
O00586,2026-04-20 21:10:44.438373,Ari,Mek,C0221,at_risk,Protein Shake,2,180,20,160,65.47,94.53
O00982,2026-04-20 21:23:44.438373,Ari,Tum,C0545,at_risk,Cocktail,2,520,0,520,243.42,276.58
O00878,2026-04-20 21:26:44.438373,Siam,Mek,C0548,new,Classic Burger,3,660,0,660,405.25,254.75
O01740,2026-04-20 22:15:44.438373,Thonglor,Jane,C0648,active,Cocktail,3,270,0,270,109.59,160.41
O00789,2026-04-20 22:19:44.438373,Siam,Ploy,C0021,at_risk,Classic Burger,1,150,0,150,67.45,82.55
O01099,2026-04-20 23:48:44.438373,Siam,Ploy,C0605,active,Cocktail,1,180,0,180,70.81,109.19
O00610,2026-04-21 00:17:44.438373,Thonglor,Mek,C0634,active,Protein Shake,2,440,30,410,236.25,173.75
O02184,2026-04-21 01:32:44.438373,Siam,Mek,C0018,active,Signature Latte,1,260,0,260,118.27,141.73
O00997,2026-04-21 01:44:44.438373,Thonglor,Ploy,C0259,active,Signature Latte,1,180,0,180,93.0,87.0
O01207,2026-04-21 01:58:44.438373,Siam,Bank,C0417,active,Protein Shake,2,440,10,430,260.76,169.24
O01758,2026-04-21 02:23:44.438373,Thonglor,Ploy,C0563,active,Classic Burger,2,520,10,510,242.26,267.74
O00595,2026-04-21 02:50:44.438373,Ari,Tum,C0698,new,Protein Shake,1,90,30,60,28.97,31.03
O01942,2026-04-21 08:27:44.438373,Ari,Nok,C0433,new,Protein Shake,1,260,10,250,110.4,139.6
O00262,2026-04-21 09:40:44.438373,Thonglor,Mek,C0205,active,Signature Latte,1,180,0,180,80.15,99.85
O00205,2026-04-21 09:52:44.438373,Siam,Nok,C0483,at_risk,Signature Latte,2,240,0,240,115.62,124.38
O01095,2026-04-21 10:26:44.438373,Siam,Ploy,C0207,active,Set Menu,1,180,30,150,73.2,76.8
O02492,2026-04-21 11:15:44.438373,Siam,Nok,C0568,active,Signature Latte,2,520,0,520,260.91,259.09
O01995,2026-04-21 11:47:44.438373,Thonglor,Nok,C0306,active,Classic Burger,1,120,0,120,55.68,64.32
O00454,2026-04-21 12:24:44.438373,Ari,Mek,C0094,at_risk,Craft Beer,2,520,20,500,305.31,194.69
O00210,2026-04-21 12:51:44.438373,Siam,Jane,C0428,active,Set Menu,1,180,30,150,75.69,74.31
O02436,2026-04-21 12:58:44.438373,Thonglor,Jane,C0313,new,Protein Shake,1,150,30,120,68.77,51.23
O02383,2026-04-21 12:59:44.438373,Siam,Bank,C0425,active,Classic Burger,1,90,20,70,37.28,32.72
O01105,2026-04-21 16:18:44.438373,Siam,Bank,C0574,at_risk,Set Menu,1,150,20,130,60.52,69.48
O02389,2026-04-21 16:27:44.438373,Thonglor,Nok,C0186,new,Classic Burger,2,520,20,500,275.06,224.94
O02047,2026-04-21 19:08:44.438373,Siam,Tum,C0418,active,Classic Burger,1,260,0,260,102.85,157.15
O00803,2026-04-21 19:41:44.438373,Siam,Tum,C0371,new,Protein Shake,3,540,20,520,227.68,292.32
O00828,2026-04-21 19:41:44.438373,Thonglor,Tum,C0382,active,Classic Burger,1,260,30,230,102.09,127.91
O02118,2026-04-21 22:23:44.438373,Ari,Tum,C0670,new,Craft Beer,1,260,30,230,136.55,93.45
O02043,2026-04-21 22:30:44.438373,Thonglor,Nok,C0692,at_risk,Signature Latte,1,120,10,110,67.13,42.87
O01573,2026-04-21 22:45:44.438373,Siam,Nok,C0635,at_risk,Protein Shake,3,360,20,340,155.13,184.87
O01806,2026-04-21 23:48:44.438373,Siam,Ploy,C0089,active,Signature Latte,1,120,0,120,63.35,56.65
O02450,2026-04-22 01:09:44.438373,Thonglor,Mek,C0022,active,Cocktail,3,360,30,330,183.56,146.44
O01067,2026-04-22 01:17:44.438373,Siam,Mek,C0317,at_risk,Cocktail,2,240,10,230,104.7,125.3
O02355,2026-04-22 02:37:44.438373,Thonglor,Tum,C0341,at_risk,Cocktail,1,90,10,80,36.46,43.54
O00737,2026-04-22 02:38:44.438373,Siam,Tum,C0331,active,Classic Burger,2,360,30,330,171.32,158.68
O01327,2026-04-22 04:12:44.438373,Ari,Nok,C0468,at_risk,Protein Shake,2,300,20,280,155.2,124.8
O02402,2026-04-22 04:23:44.438373,Thonglor,Nok,C0118,active,Classic Burger,3,660,20,640,304.93,335.07
O01252,2026-04-22 05:38:44.438373,Siam,Jane,C0280,active,Craft Beer,2,180,20,160,70.37,89.63
O01371,2026-04-22 06:09:44.438373,Ari,Jane,C0465,active,Protein Shake,1,180,0,180,68.83,111.17
O01442,2026-04-22 07:05:44.438373,Ari,Jane,C0485,new,Set Menu,1,180,30,150,86.37,63.63
O01293,2026-04-22 08:04:44.438373,Siam,Ploy,C0423,active,Signature Latte,2,240,10,230,108.92,121.08
O00839,2026-04-22 08:33:44.438373,Ari,Bank,C0357,active,Cocktail,1,150,10,140,71.58,68.42
O00079,2026-04-22 08:38:44.438373,Siam,Ploy,C0073,new,Signature Latte,2,240,0,240,98.62,141.38
O01671,2026-04-22 08:49:44.438373,Siam,Jane,C0527,active,Craft Beer,1,90,20,70,33.24,36.76
O00003,2026-04-22 09:22:44.438373,Ari,Nok,C0475,active,Craft Beer,1,180,0,180,91.07,88.93
O00732,2026-04-22 11:57:44.438373,Siam,Ploy,C0216,at_risk,Set Menu,3,780,30,750,343.81,406.19
O00207,2026-04-22 13:14:44.438373,Siam,Jane,C0658,active,Cocktail,1,260,0,260,160.44,99.56
O01377,2026-04-22 13:17:44.438373,Ari,Jane,C0016,active,Classic Burger,3,780,20,760,384.5,375.5
O00040,2026-04-22 15:41:44.438373,Siam,Ploy,C0604,at_risk,Craft Beer,2,240,20,220,121.33,98.67
O02050,2026-04-22 16:46:44.438373,Siam,Jane,C0447,active,Set Menu,2,440,10,430,170.37,259.63
O00074,2026-04-22 17:03:44.438373,Ari,Ploy,C0447,at_risk,Signature Latte,3,360,0,360,191.81,168.19
O02409,2026-04-22 17:08:44.438373,Ari,Tum,C0604,at_risk,Signature Latte,1,90,30,60,31.83,28.17
O01061,2026-04-22 18:38:44.438373,Siam,Bank,C0646,at_risk,Signature Latte,2,360,0,360,153.98,206.02
O00761,2026-04-22 18:48:44.438373,Ari,Mek,C0682,at_risk,Classic Burger,1,150,0,150,72.67,77.33
O02391,2026-04-22 18:48:44.438373,Siam,Nok,C0285,active,Craft Beer,2,180,30,150,83.63,66.37
O02305,2026-04-22 19:17:44.438373,Siam,Jane,C0291,active,Classic Burger,3,540,10,530,234.29,295.71
O00389,2026-04-22 20:48:44.438373,Siam,Bank,C0419,new,Craft Beer,1,180,20,160,75.56,84.44
O00505,2026-04-22 21:01:44.438373,Siam,Jane,C0423,at_risk,Protein Shake,1,260,0,260,118.45,141.55
O00759,2026-04-22 21:11:44.438373,Siam,Tum,C0693,active,Craft Beer,1,220,20,200,80.49,119.51
O00750,2026-04-22 23:43:44.438373,Siam,Mek,C0441,new,Protein Shake,3,270,0,270,104.42,165.58
O00949,2026-04-23 00:47:44.438373,Siam,Bank,C0230,active,Cocktail,2,520,0,520,263.32,256.68
O02433,2026-04-23 02:41:44.438373,Siam,Ploy,C0041,active,Set Menu,1,260,20,240,104.08,135.92
O02324,2026-04-23 04:24:44.438373,Thonglor,Ploy,C0659,active,Signature Latte,2,300,0,300,175.34,124.66
O01776,2026-04-23 05:23:44.438373,Thonglor,Ploy,C0238,at_risk,Cocktail,1,260,0,260,129.64,130.36
O01171,2026-04-23 07:12:44.438373,Thonglor,Mek,C0196,at_risk,Cocktail,2,360,20,340,137.46,202.54
O00148,2026-04-23 15:30:44.438373,Thonglor,Jane,C0224,active,Protein Shake,2,440,20,420,167.27,252.73
O00886,2026-04-23 15:36:44.438373,Siam,Mek,C0001,active,Craft Beer,1,260,0,260,149.41,110.59
O00369,2026-04-23 16:19:44.438373,Siam,Bank,C0255,active,Craft Beer,2,180,30,150,57.33,92.67
O00180,2026-04-23 17:03:44.438373,Siam,Ploy,C0229,new,Signature Latte,3,270,10,260,118.28,141.72
O00858,2026-04-23 17:07:44.438373,Siam,Jane,C0079,active,Protein Shake,1,260,0,260,144.26,115.74
O00522,2026-04-23 17:21:44.438373,Siam,Tum,C0587,active,Craft Beer,1,180,0,180,85.55,94.45
O02252,2026-04-23 18:34:44.438373,Thonglor,Nok,C0474,active,Craft Beer,1,220,0,220,85.19,134.81
O00566,2026-04-23 18:37:44.438373,Siam,Jane,C0197,at_risk,Protein Shake,2,300,0,300,155.16,144.84
O01993,2026-04-23 19:11:44.438373,Siam,Mek,C0143,active,Cocktail,1,260,0,260,139.54,120.46
O00352,2026-04-23 21:20:44.438373,Siam,Ploy,C0409,at_risk,Classic Burger,3,270,20,250,130.71,119.29
O01069,2026-04-23 21:23:44.438373,Siam,Jane,C0059,at_risk,Cocktail,2,440,0,440,201.44,238.56
O02444,2026-04-23 22:05:44.438373,Siam,Nok,C0050,at_risk,Set Menu,1,150,30,120,51.02,68.98
O00344,2026-04-23 22:44:44.438373,Thonglor,Mek,C0175,new,Set Menu,1,220,0,220,132.71,87.29
O01276,2026-04-23 23:30:44.438373,Siam,Nok,C0086,new,Protein Shake,1,260,30,230,90.16,139.84
O01258,2026-04-24 00:00:44.438373,Thonglor,Mek,C0003,at_risk,Classic Burger,3,450,30,420,191.76,228.24
O00014,2026-04-24 00:17:44.438373,Ari,Ploy,C0541,active,Protein Shake,2,360,30,330,145.14,184.86
O02161,2026-04-24 00:29:44.438373,Siam,Ploy,C0107,active,Cocktail,2,240,20,220,97.8,122.2
O00499,2026-04-24 02:43:44.438373,Thonglor,Tum,C0013,active,Classic Burger,1,120,0,120,55.16,64.84
O01008,2026-04-24 04:10:44.438373,Siam,Tum,C0675,active,Craft Beer,2,240,10,230,88.82,141.18
O00521,2026-04-24 04:43:44.438373,Thonglor,Bank,C0550,active,Signature Latte,3,660,20,640,379.3,260.7
O00030,2026-04-24 06:48:44.438373,Thonglor,Ploy,C0226,active,Signature Latte,1,260,30,230,114.27,115.73
O00961,2026-04-24 06:58:44.438373,Thonglor,Nok,C0657,new,Classic Burger,1,180,10,170,91.92,78.08
O00599,2026-04-24 07:06:44.438373,Thonglor,Mek,C0215,at_risk,Cocktail,1,120,0,120,53.48,66.52
O00864,2026-04-24 09:02:44.438373,Thonglor,Jane,C0088,new,Classic Burger,1,90,10,80,37.06,42.94
O01816,2026-04-24 09:48:44.438373,Siam,Nok,C0334,active,Craft Beer,1,90,30,60,33.92,26.08
O01683,2026-04-24 11:11:44.438373,Thonglor,Ploy,C0246,new,Protein Shake,1,90,20,70,27.01,42.99
O00202,2026-04-24 14:22:44.438373,Siam,Tum,C0118,active,Classic Burger,2,440,0,440,179.06,260.94
O02248,2026-04-24 14:22:44.438373,Thonglor,Ploy,C0678,at_risk,Signature Latte,1,120,0,120,46.0,74.0
O00289,2026-04-24 15:03:44.438373,Thonglor,Nok,C0636,at_risk,Classic Burger,1,90,20,70,26.9,43.1
O01045,2026-04-24 15:12:44.438373,Ari,Bank,C0180,active,Protein Shake,3,540,30,510,252.63,257.37
O00361,2026-04-24 17:26:44.438373,Thonglor,Bank,C0361,active,Cocktail,1,260,0,260,141.86,118.14
O01566,2026-04-24 17:57:44.438373,Siam,Nok,C0273,new,Craft Beer,3,360,0,360,194.78,165.22
O00240,2026-04-24 19:30:44.438373,Siam,Mek,C0183,new,Protein Shake,2,240,10,230,89.81,140.19
O01134,2026-04-24 20:45:44.438373,Siam,Jane,C0623,active,Cocktail,2,180,20,160,78.0,82.0
O00577,2026-04-24 22:07:44.438373,Siam,Bank,C0692,at_risk,Signature Latte,2,360,20,340,188.9,151.1
O02300,2026-04-24 22:45:44.438373,Ari,Nok,C0579,at_risk,Signature Latte,1,220,10,210,110.77,99.23
O01565,2026-04-24 23:00:44.438373,Ari,Ploy,C0227,at_risk,Classic Burger,1,260,0,260,103.06,156.94
O00061,2026-04-25 00:10:44.438373,Siam,Nok,C0117,at_risk,Classic Burger,2,520,0,520,244.38,275.62
O01918,2026-04-25 00:29:44.438373,Siam,Mek,C0104,active,Classic Burger,2,520,20,500,201.76,298.24
O01029,2026-04-25 01:30:44.438373,Siam,Nok,C0497,at_risk,Set Menu,2,520,0,520,278.45,241.55
O01957,2026-04-25 01:59:44.438373,Thonglor,Nok,C0200,at_risk,Signature Latte,3,780,0,780,416.62,363.38
O01158,2026-04-25 02:36:44.438373,Siam,Nok,C0087,active,Signature Latte,1,220,0,220,127.32,92.68
O00633,2026-04-25 04:08:44.438373,Ari,Jane,C0271,new,Classic Burger,1,120,0,120,56.49,63.51
O00376,2026-04-25 07:44:44.438373,Ari,Bank,C0084,active,Classic Burger,2,360,0,360,213.92,146.08
O01256,2026-04-25 07:55:44.438373,Thonglor,Bank,C0505,at_risk,Classic Burger,1,180,0,180,82.47,97.53
O00765,2026-04-25 08:03:44.438373,Thonglor,Ploy,C0425,active,Craft Beer,1,90,0,90,43.94,46.06
O00196,2026-04-25 08:35:44.438373,Siam,Mek,C0304,active,Classic Burger,2,440,30,410,189.38,220.62
O02208,2026-04-25 08:40:44.438373,Ari,Ploy,C0431,at_risk,Classic Burger,2,240,0,240,120.56,119.44
O01651,2026-04-25 09:15:44.438373,Ari,Tum,C0200,new,Cocktail,2,180,0,180,84.26,95.74
O01875,2026-04-25 10:56:44.438373,Siam,Mek,C0301,at_risk,Set Menu,1,120,20,100,58.69,41.31
O00590,2026-04-25 11:22:44.438373,Siam,Nok,C0069,active,Classic Burger,1,120,20,100,44.38,55.62
O00385,2026-04-25 13:07:44.438373,Ari,Ploy,C0102,at_risk,Signature Latte,1,90,20,70,42.55,27.45
O02077,2026-04-25 14:40:44.438373,Siam,Ploy,C0699,active,Classic Burger,1,220,20,200,117.43,82.57
O02079,2026-04-25 14:49:44.438373,Thonglor,Nok,C0234,at_risk,Craft Beer,1,150,0,150,69.99,80.01
O00769,2026-04-25 14:59:44.438373,Siam,Bank,C0133,at_risk,Signature Latte,1,150,10,140,67.64,72.36
O00500,2026-04-25 15:48:44.438373,Ari,Bank,C0612,active,Craft Beer,1,150,20,130,71.03,58.97
O01582,2026-04-25 16:28:44.438373,Ari,Jane,C0605,active,Set Menu,2,440,0,440,269.58,170.42
O00276,2026-04-25 16:30:44.438373,Thonglor,Jane,C0260,at_risk,Cocktail,2,180,30,150,83.37,66.63
O01986,2026-04-25 16:48:44.438373,Ari,Mek,C0428,active,Cocktail,1,120,0,120,47.87,72.13
O01887,2026-04-25 17:57:44.438373,Siam,Mek,C0396,active,Signature Latte,1,120,0,120,55.6,64.4
O01794,2026-04-25 18:08:44.438373,Siam,Ploy,C0071,new,Craft Beer,2,360,10,350,215.35,134.65
O01179,2026-04-25 18:10:44.438373,Siam,Jane,C0394,at_risk,Set Menu,2,300,30,270,127.15,142.85
O01834,2026-04-25 19:18:44.438373,Ari,Mek,C0319,new,Classic Burger,2,240,0,240,141.92,98.08
O01464,2026-04-25 19:59:44.438373,Ari,Mek,C0570,at_risk,Craft Beer,1,260,20,240,142.61,97.39
O02265,2026-04-25 20:53:44.438373,Siam,Mek,C0512,active,Set Menu,1,220,10,210,129.37,80.63
O02319,2026-04-25 21:26:44.438373,Siam,Tum,C0619,new,Classic Burger,2,440,10,430,206.67,223.33
O02125,2026-04-25 23:08:44.438373,Ari,Nok,C0288,active,Craft Beer,1,220,0,220,97.65,122.35
O02054,2026-04-25 23:21:44.438373,Thonglor,Tum,C0126,active,Cocktail,1,220,0,220,86.1,133.9
O00365,2026-04-26 02:17:44.438373,Thonglor,Ploy,C0090,active,Classic Burger,3,270,20,250,152.09,97.91
O01790,2026-04-26 03:19:44.438373,Siam,Tum,C0186,active,Craft Beer,2,300,0,300,136.5,163.5
O00817,2026-04-26 04:01:44.438373,Siam,Mek,C0302,new,Protein Shake,1,90,10,80,37.12,42.88
O00531,2026-04-26 04:06:44.438373,Siam,Nok,C0688,new,Classic Burger,1,180,0,180,88.5,91.5
O00191,2026-04-26 04:07:44.438373,Siam,Nok,C0161,active,Set Menu,3,540,0,540,334.72,205.28
O02121,2026-04-26 05:11:44.438373,Thonglor,Mek,C0397,active,Craft Beer,2,520,0,520,292.89,227.11
O00286,2026-04-26 08:32:44.438373,Thonglor,Ploy,C0407,new,Craft Beer,2,440,0,440,235.92,204.08
O01170,2026-04-26 10:51:44.438373,Ari,Ploy,C0407,active,Protein Shake,1,260,10,250,132.01,117.99
O00319,2026-04-26 12:17:44.438373,Ari,Tum,C0379,at_risk,Protein Shake,2,440,0,440,225.67,214.33
O01281,2026-04-26 15:57:44.438373,Siam,Mek,C0459,at_risk,Craft Beer,3,360,20,340,136.46,203.54
O00456,2026-04-26 16:05:44.438373,Thonglor,Tum,C0519,active,Protein Shake,1,260,0,260,136.67,123.33
O00501,2026-04-26 18:21:44.438373,Siam,Nok,C0355,active,Set Menu,2,440,30,410,192.55,217.45
O00557,2026-04-26 18:46:44.438373,Siam,Bank,C0635,active,Cocktail,2,300,30,270,119.08,150.92
O01733,2026-04-26 19:56:44.438373,Thonglor,Nok,C0064,active,Craft Beer,1,90,0,90,51.76,38.24
O01319,2026-04-26 21:36:44.438373,Ari,Bank,C0047,at_risk,Signature Latte,1,180,0,180,84.64,95.36
O01668,2026-04-26 22:22:44.438373,Ari,Bank,C0076,active,Craft Beer,1,180,20,160,81.04,78.96
O00806,2026-04-26 22:24:44.438373,Siam,Mek,C0280,active,Cocktail,2,440,0,440,194.5,245.5
O00062,2026-04-26 22:34:44.438373,Thonglor,Bank,C0229,active,Protein Shake,2,440,30,410,160.07,249.93
O00675,2026-04-27 01:17:44.438373,Ari,Nok,C0573,at_risk,Protein Shake,2,180,20,160,69.98,90.02
O01290,2026-04-27 01:21:44.438373,Thonglor,Jane,C0297,active,Set Menu,1,180,20,160,73.03,86.97
O00987,2026-04-27 02:02:44.438373,Siam,Nok,C0160,active,Protein Shake,1,260,0,260,111.98,148.02
O00119,2026-04-27 02:14:44.438373,Thonglor,Bank,C0280,new,Cocktail,1,220,20,200,86.54,113.46
O01755,2026-04-27 03:03:44.438373,Thonglor,Tum,C0451,active,Set Menu,1,180,30,150,61.73,88.27
O01652,2026-04-27 03:13:44.438373,Siam,Jane,C0228,at_risk,Classic Burger,1,90,0,90,37.94,52.06
O02027,2026-04-27 03:17:44.438373,Ari,Mek,C0209,active,Protein Shake,1,90,20,70,40.34,29.66
O01731,2026-04-27 03:36:44.438373,Siam,Bank,C0640,active,Set Menu,1,220,30,190,88.44,101.56
O01311,2026-04-27 04:31:44.438373,Siam,Nok,C0464,at_risk,Protein Shake,3,450,30,420,235.63,184.37
O01351,2026-04-27 04:51:44.438373,Siam,Jane,C0068,new,Set Menu,2,360,10,350,203.45,146.55
O00690,2026-04-27 05:10:44.438373,Siam,Jane,C0227,new,Protein Shake,2,300,0,300,185.91,114.09
O01849,2026-04-27 06:14:44.438373,Siam,Nok,C0244,active,Protein Shake,2,520,30,490,206.41,283.59
O02242,2026-04-27 06:39:44.438373,Siam,Mek,C0209,new,Signature Latte,1,180,30,150,77.09,72.91
O00632,2026-04-27 07:24:44.438373,Ari,Tum,C0667,at_risk,Cocktail,1,150,20,130,68.15,61.85
O02091,2026-04-27 09:01:44.438373,Ari,Mek,C0549,active,Classic Burger,1,260,0,260,159.69,100.31
O01152,2026-04-27 10:42:44.438373,Thonglor,Jane,C0334,active,Craft Beer,1,120,10,110,45.86,64.14
O01432,2026-04-27 10:51:44.438373,Thonglor,Ploy,C0170,active,Set Menu,3,780,20,760,457.36,302.64
O01892,2026-04-27 11:01:44.438373,Siam,Nok,C0571,active,Cocktail,3,450,0,450,198.38,251.62
O01616,2026-04-27 13:26:44.438373,Ari,Tum,C0456,new,Craft Beer,1,260,20,240,114.29,125.71
O00320,2026-04-27 13:27:44.438373,Ari,Bank,C0533,at_risk,Classic Burger,1,220,10,210,88.73,121.27
O00358,2026-04-27 14:15:44.438373,Thonglor,Bank,C0278,active,Protein Shake,1,220,20,200,102.14,97.86
O00159,2026-04-27 15:40:44.438373,Thonglor,Bank,C0440,active,Set Menu,3,540,10,530,236.16,293.84
O01174,2026-04-27 15:59:44.438373,Ari,Bank,C0356,at_risk,Craft Beer,2,180,10,170,84.58,85.42
O01831,2026-04-27 16:42:44.438373,Siam,Nok,C0328,at_risk,Set Menu,2,520,0,520,262.63,257.37
O01522,2026-04-27 17:28:44.438373,Thonglor,Bank,C0181,active,Craft Beer,1,120,0,120,48.59,71.41
O01017,2026-04-27 17:36:44.438373,Ari,Jane,C0256,at_risk,Craft Beer,1,220,10,210,86.44,123.56
O00866,2026-04-27 18:36:44.438373,Siam,Nok,C0497,at_risk,Protein Shake,2,440,0,440,171.79,268.21
O01602,2026-04-27 19:29:44.438373,Siam,Jane,C0319,at_risk,Set Menu,1,180,0,180,104.28,75.72
O00086,2026-04-27 20:19:44.438373,Siam,Tum,C0503,active,Cocktail,2,180,0,180,68.73,111.27
O00442,2026-04-27 20:37:44.438373,Siam,Nok,C0677,active,Cocktail,2,240,30,210,117.49,92.51
O02397,2026-04-27 20:43:44.438373,Thonglor,Ploy,C0378,at_risk,Protein Shake,2,180,20,160,76.04,83.96
O01383,2026-04-27 21:44:44.438373,Thonglor,Bank,C0084,active,Cocktail,2,180,20,160,69.35,90.65
O01435,2026-04-27 21:51:44.438373,Thonglor,Jane,C0527,new,Signature Latte,1,90,20,70,41.07,28.93
O00002,2026-04-27 22:45:44.438373,Thonglor,Bank,C0414,active,Classic Burger,2,360,10,350,134.73,215.27
O00291,2026-04-27 22:46:44.438373,Siam,Tum,C0041,new,Classic Burger,3,450,30,420,189.56,230.44
O01822,2026-04-27 23:23:44.438373,Siam,Bank,C0637,active,Set Menu,1,90,0,90,52.36,37.64
O01479,2026-04-27 23:28:44.438373,Thonglor,Mek,C0169,active,Classic Burger,2,440,30,410,242.7,167.3
O00285,2026-04-27 23:40:44.438373,Ari,Tum,C0460,active,Signature Latte,2,300,0,300,135.88,164.12
O01164,2026-04-27 23:47:44.438373,Siam,Tum,C0532,new,Classic Burger,1,90,20,70,36.62,33.38
O01600,2026-04-28 00:06:44.438373,Thonglor,Tum,C0057,active,Classic Burger,2,180,0,180,96.75,83.25
O00470,2026-04-28 00:22:44.438373,Thonglor,Bank,C0177,at_risk,Set Menu,3,780,10,770,466.11,303.89
O00145,2026-04-28 00:53:44.438373,Ari,Nok,C0580,active,Craft Beer,1,150,30,120,52.05,67.95
O00409,2026-04-28 02:13:44.438373,Ari,Ploy,C0528,new,Craft Beer,1,220,0,220,122.29,97.71
O00420,2026-04-28 04:11:44.438373,Ari,Jane,C0672,active,Set Menu,1,260,0,260,108.81,151.19
O02264,2026-04-28 04:42:44.438373,Siam,Nok,C0212,new,Protein Shake,3,780,0,780,323.68,456.32
O01564,2026-04-28 04:47:44.438373,Ari,Bank,C0515,at_risk,Cocktail,1,90,10,80,48.27,31.73
O01572,2026-04-28 05:55:44.438373,Siam,Ploy,C0363,at_risk,Set Menu,2,520,0,520,319.15,200.85
O00907,2026-04-28 06:35:44.438373,Ari,Nok,C0520,new,Set Menu,1,120,0,120,54.33,65.67
O00447,2026-04-28 07:15:44.438373,Siam,Ploy,C0442,active,Set Menu,3,780,0,780,428.59,351.41
O01700,2026-04-28 07:29:44.438373,Thonglor,Nok,C0231,new,Craft Beer,1,150,0,150,81.92,68.08
O00624,2026-04-28 10:26:44.438373,Siam,Bank,C0065,at_risk,Protein Shake,2,360,10,350,204.73,145.27
O01507,2026-04-28 10:35:44.438373,Siam,Nok,C0086,at_risk,Cocktail,2,300,20,280,122.46,157.54
O02180,2026-04-28 11:25:44.438373,Siam,Tum,C0511,at_risk,Signature Latte,1,180,20,160,95.66,64.34
O01146,2026-04-28 12:13:44.438373,Thonglor,Jane,C0103,active,Set Menu,1,180,10,170,64.94,105.06
O01013,2026-04-28 12:39:44.438373,Ari,Jane,C0059,active,Signature Latte,1,90,10,80,32.39,47.61
O00039,2026-04-28 13:50:44.438373,Ari,Tum,C0350,active,Classic Burger,2,360,20,340,207.96,132.04
O00419,2026-04-28 14:08:44.438373,Ari,Nok,C0076,at_risk,Protein Shake,2,300,0,300,175.83,124.17
O02209,2026-04-28 14:53:44.438373,Siam,Bank,C0297,new,Cocktail,1,220,0,220,88.41,131.59
O01768,2026-04-28 15:21:44.438373,Ari,Nok,C0078,at_risk,Set Menu,2,520,0,520,239.73,280.27
O00573,2026-04-28 15:53:44.438373,Siam,Nok,C0068,new,Craft Beer,1,150,0,150,71.96,78.04
O00247,2026-04-28 16:05:44.438373,Ari,Tum,C0231,active,Craft Beer,1,120,0,120,51.48,68.52
O01706,2026-04-28 16:07:44.438373,Thonglor,Nok,C0382,active,Cocktail,2,240,10,230,133.4,96.6
O00782,2026-04-28 17:02:44.438373,Siam,Jane,C0551,at_risk,Cocktail,1,180,20,160,92.1,67.9
O01912,2026-04-28 17:16:44.438373,Thonglor,Ploy,C0141,active,Set Menu,1,90,10,80,38.18,41.82
O01043,2026-04-28 17:33:44.438373,Ari,Tum,C0229,at_risk,Protein Shake,1,120,0,120,65.91,54.09
O01042,2026-04-28 18:02:44.438373,Thonglor,Mek,C0012,new,Signature Latte,1,220,10,210,93.48,116.52
O01560,2026-04-28 20:03:44.438373,Thonglor,Jane,C0155,new,Protein Shake,1,120,0,120,55.35,64.65
O00222,2026-04-28 20:53:44.438373,Thonglor,Bank,C0012,at_risk,Classic Burger,2,240,20,220,90.74,129.26
O02116,2026-04-28 22:25:44.438373,Siam,Mek,C0656,at_risk,Cocktail,2,440,0,440,230.68,209.32
O00315,2026-04-28 22:27:44.438373,Ari,Ploy,C0579,at_risk,Classic Burger,1,180,0,180,74.47,105.53
O01633,2026-04-28 22:27:44.438373,Ari,Nok,C0609,at_risk,Cocktail,2,360,20,340,196.17,143.83
O00592,2026-04-28 22:37:44.438373,Thonglor,Mek,C0164,active,Classic Burger,3,270,30,240,91.25,148.75
O00780,2026-04-28 22:54:44.438373,Ari,Nok,C0371,active,Cocktail,1,220,30,190,81.91,108.09
O02048,2026-04-28 23:47:44.438373,Ari,Jane,C0551,new,Classic Burger,2,360,10,350,201.28,148.72
O02102,2026-04-29 00:25:44.438373,Siam,Tum,C0201,active,Cocktail,1,260,20,240,132.64,107.36
O02480,2026-04-29 02:41:44.438373,Thonglor,Jane,C0457,at_risk,Craft Beer,1,260,0,260,141.13,118.87
O00441,2026-04-29 03:22:44.438373,Thonglor,Bank,C0480,at_risk,Cocktail,1,180,0,180,97.0,83.0
O01666,2026-04-29 04:30:44.438373,Ari,Ploy,C0475,active,Classic Burger,1,260,30,230,140.38,89.62
O02176,2026-04-29 05:35:44.438373,Siam,Bank,C0612,active,Signature Latte,1,260,0,260,135.28,124.72
O00393,2026-04-29 06:13:44.438373,Siam,Bank,C0113,new,Set Menu,1,120,10,110,58.38,51.62
O01815,2026-04-29 06:48:44.438373,Siam,Jane,C0483,at_risk,Set Menu,1,120,0,120,71.99,48.01
O02069,2026-04-29 07:15:44.438373,Thonglor,Nok,C0061,active,Cocktail,1,260,0,260,153.1,106.9
O01035,2026-04-29 07:33:44.438373,Ari,Tum,C0264,at_risk,Signature Latte,2,240,30,210,119.31,90.69
O02298,2026-04-29 10:40:44.438373,Siam,Nok,C0479,active,Craft Beer,3,360,20,340,157.87,182.13
O00510,2026-04-29 11:10:44.438373,Siam,Ploy,C0125,active,Classic Burger,1,90,10,80,48.42,31.58
O00072,2026-04-29 11:35:44.438373,Thonglor,Tum,C0236,active,Cocktail,1,260,10,250,126.21,123.79
O01753,2026-04-29 12:57:44.438373,Siam,Mek,C0389,at_risk,Protein Shake,3,660,0,660,314.84,345.16
O01147,2026-04-29 13:38:44.438373,Siam,Bank,C0478,new,Craft Beer,3,660,0,660,306.6,353.4
O00876,2026-04-29 14:46:44.438373,Siam,Bank,C0281,new,Cocktail,2,180,0,180,92.5,87.5
O00194,2026-04-29 15:00:44.438373,Siam,Jane,C0605,active,Signature Latte,1,220,0,220,102.95,117.05
O00793,2026-04-29 15:41:44.438373,Thonglor,Mek,C0037,at_risk,Classic Burger,2,520,10,510,239.85,270.15
O01669,2026-04-29 15:43:44.438373,Thonglor,Nok,C0127,active,Craft Beer,2,240,0,240,136.98,103.02
O01009,2026-04-29 17:03:44.438373,Siam,Tum,C0663,active,Cocktail,3,540,0,540,287.94,252.06
O01076,2026-04-29 17:51:44.438373,Siam,Jane,C0255,active,Classic Burger,1,150,30,120,58.31,61.69
O01504,2026-04-29 18:19:44.438373,Ari,Jane,C0150,active,Signature Latte,2,360,10,350,190.01,159.99
O01609,2026-04-29 19:06:44.438373,Ari,Ploy,C0294,at_risk,Set Menu,1,220,30,190,114.87,75.13
O00234,2026-04-29 20:21:44.438373,Siam,Jane,C0467,new,Classic Burger,1,260,0,260,137.11,122.89
O00865,2026-04-29 20:35:44.438373,Siam,Tum,C0292,active,Classic Burger,2,240,0,240,98.71,141.29
O01225,2026-04-29 21:01:44.438373,Siam,Tum,C0013,new,Signature Latte,3,780,0,780,430.1,349.9
O00161,2026-04-29 22:59:44.438373,Ari,Bank,C0271,active,Protein Shake,1,220,10,210,81.37,128.63
O00518,2026-04-29 23:35:44.438373,Thonglor,Bank,C0431,active,Protein Shake,2,360,20,340,191.14,148.86
O00249,2026-04-30 00:43:44.438373,Siam,Ploy,C0070,at_risk,Set Menu,1,120,30,90,42.15,47.85
O00875,2026-04-30 03:50:44.438373,Thonglor,Mek,C0597,active,Protein Shake,2,300,0,300,175.45,124.55
O00916,2026-04-30 03:58:44.438373,Thonglor,Nok,C0630,active,Signature Latte,1,150,30,120,60.78,59.22
O00155,2026-04-30 04:31:44.438373,Thonglor,Tum,C0022,active,Protein Shake,2,300,0,300,169.51,130.49
O01033,2026-04-30 05:22:44.438373,Siam,Mek,C0299,at_risk,Signature Latte,1,260,10,250,110.55,139.45
O00567,2026-04-30 05:59:44.438373,Siam,Mek,C0348,active,Protein Shake,1,120,30,90,34.47,55.53
O01771,2026-04-30 07:16:44.438373,Siam,Nok,C0498,at_risk,Cocktail,1,220,30,190,111.49,78.51
O01145,2026-04-30 07:32:44.438373,Siam,Jane,C0198,at_risk,Set Menu,2,520,0,520,249.6,270.4
O00350,2026-04-30 07:47:44.438373,Siam,Nok,C0049,new,Craft Beer,1,180,30,150,67.35,82.65
O00391,2026-04-30 08:02:44.438373,Thonglor,Ploy,C0592,new,Craft Beer,1,260,30,230,140.48,89.52
O02404,2026-04-30 08:19:44.438373,Ari,Bank,C0443,active,Cocktail,1,150,30,120,66.12,53.88
O00479,2026-04-30 08:30:44.438373,Thonglor,Tum,C0342,new,Set Menu,1,220,30,190,98.0,92.0
O02407,2026-04-30 09:20:44.438373,Siam,Bank,C0653,at_risk,Protein Shake,2,520,0,520,317.04,202.96
O01826,2026-04-30 10:33:44.438373,Ari,Jane,C0320,at_risk,Signature Latte,1,120,20,100,49.62,50.38
O01057,2026-04-30 11:06:44.438373,Ari,Jane,C0378,new,Protein Shake,1,220,10,210,81.62,128.38
O01509,2026-04-30 11:45:44.438373,Siam,Tum,C0001,new,Set Menu,2,240,0,240,95.67,144.33
O02296,2026-04-30 12:33:44.438373,Ari,Bank,C0186,new,Craft Beer,3,360,10,350,188.03,161.97
O00547,2026-04-30 13:28:44.438373,Ari,Ploy,C0448,active,Classic Burger,1,120,10,110,66.42,43.58
O00437,2026-04-30 13:38:44.438373,Ari,Mek,C0682,active,Protein Shake,1,180,0,180,93.4,86.6
O00523,2026-04-30 14:25:44.438373,Ari,Bank,C0147,new,Protein Shake,2,360,0,360,139.39,220.61
O00077,2026-04-30 15:12:44.438373,Siam,Ploy,C0195,active,Craft Beer,1,150,20,130,55.07,74.93
O01468,2026-04-30 17:49:44.438373,Ari,Jane,C0081,at_risk,Signature Latte,1,150,0,150,85.07,64.93
O00462,2026-04-30 19:14:44.438373,Siam,Tum,C0642,at_risk,Protein Shake,1,260,20,240,99.66,140.34
O01667,2026-04-30 19:49:44.438373,Thonglor,Ploy,C0027,at_risk,Signature Latte,2,440,10,430,218.23,211.77
O01197,2026-04-30 20:21:44.438373,Ari,Nok,C0694,active,Protein Shake,3,660,20,640,257.49,382.51
O00539,2026-04-30 20:43:44.438373,Ari,Tum,C0511,active,Cocktail,2,300,20,280,144.42,135.58
O01708,2026-04-30 21:30:44.438373,Ari,Bank,C0038,at_risk,Cocktail,2,440,30,410,162.4,247.6
O00494,2026-05-01 01:10:44.438373,Siam,Bank,C0439,active,Set Menu,1,220,0,220,86.26,133.74
O00849,2026-05-01 02:23:44.438373,Ari,Bank,C0052,active,Signature Latte,1,180,10,170,78.23,91.77
O01403,2026-05-01 03:51:44.438373,Siam,Nok,C0592,active,Signature Latte,1,180,0,180,86.03,93.97
O02470,2026-05-01 06:08:44.438373,Thonglor,Jane,C0334,at_risk,Cocktail,2,360,30,330,203.14,126.86
O02360,2026-05-01 06:21:44.438373,Thonglor,Bank,C0147,new,Classic Burger,1,260,30,230,129.83,100.17
O00093,2026-05-01 06:30:44.438373,Thonglor,Tum,C0236,active,Set Menu,1,260,10,250,115.93,134.07
O00076,2026-05-01 06:38:44.438373,Ari,Jane,C0126,active,Protein Shake,2,360,30,330,203.02,126.98
O01405,2026-05-01 06:58:44.438373,Thonglor,Jane,C0527,active,Craft Beer,2,240,0,240,124.32,115.68
O01139,2026-05-01 07:14:44.438373,Thonglor,Mek,C0222,at_risk,Craft Beer,1,220,0,220,98.31,121.69
O02358,2026-05-01 10:53:44.438373,Siam,Nok,C0399,active,Set Menu,3,450,0,450,265.73,184.27
O00026,2026-05-01 11:14:44.438373,Thonglor,Ploy,C0404,at_risk,Signature Latte,1,90,0,90,41.74,48.26
O00812,2026-05-01 11:16:44.438373,Ari,Jane,C0635,at_risk,Signature Latte,1,120,20,100,51.2,48.8
O00995,2026-05-01 11:54:44.438373,Ari,Mek,C0415,active,Set Menu,2,520,10,510,314.53,195.47
O01499,2026-05-01 12:20:44.438373,Ari,Jane,C0178,active,Classic Burger,1,220,20,200,108.6,91.4
O00807,2026-05-01 14:34:44.438373,Siam,Mek,C0286,active,Craft Beer,2,360,10,350,211.26,138.74
O00923,2026-05-01 16:12:44.438373,Thonglor,Bank,C0158,active,Protein Shake,1,90,0,90,45.61,44.39
O02499,2026-05-01 16:23:44.438373,Ari,Bank,C0147,active,Cocktail,1,180,30,150,84.64,65.36
O00757,2026-05-01 17:00:44.438373,Siam,Tum,C0567,active,Protein Shake,1,120,30,90,45.0,45.0
O01619,2026-05-01 17:26:44.438373,Ari,Ploy,C0487,active,Set Menu,2,180,30,150,86.57,63.43
O01743,2026-05-01 17:27:44.438373,Ari,Jane,C0207,new,Cocktail,2,360,20,340,149.9,190.1
O01943,2026-05-01 17:37:44.438373,Siam,Ploy,C0075,active,Signature Latte,1,260,20,240,94.79,145.21
O01388,2026-05-01 18:46:44.438373,Siam,Tum,C0206,at_risk,Classic Burger,3,360,0,360,214.38,145.62
O02082,2026-05-01 19:30:44.438373,Siam,Jane,C0033,at_risk,Set Menu,1,180,0,180,73.8,106.2
O00330,2026-05-01 20:03:44.438373,Thonglor,Ploy,C0696,active,Cocktail,1,120,30,90,41.95,48.05
O02419,2026-05-01 20:31:44.438373,Thonglor,Jane,C0574,active,Classic Burger,1,260,30,230,140.2,89.8
O00374,2026-05-01 21:05:44.438373,Siam,Nok,C0401,new,Set Menu,1,150,10,140,78.46,61.54
O01423,2026-05-01 22:07:44.438373,Siam,Tum,C0467,new,Classic Burger,3,780,20,760,324.3,435.7
O00019,2026-05-01 22:09:44.438373,Siam,Mek,C0387,active,Signature Latte,1,260,0,260,114.64,145.36
O01580,2026-05-01 22:43:44.438373,Thonglor,Nok,C0029,active,Classic Burger,1,220,0,220,106.69,113.31
O01644,2026-05-01 23:47:44.438373,Ari,Ploy,C0249,active,Classic Burger,1,260,10,250,135.97,114.03
O00550,2026-05-02 00:18:44.438373,Siam,Bank,C0630,active,Signature Latte,1,220,0,220,127.59,92.41
O01260,2026-05-02 02:00:44.438373,Siam,Jane,C0530,active,Signature Latte,2,520,20,500,244.11,255.89
O02340,2026-05-02 02:29:44.438373,Thonglor,Tum,C0076,at_risk,Set Menu,2,520,0,520,222.8,297.2
O02443,2026-05-02 03:38:44.438373,Ari,Nok,C0640,new,Cocktail,3,450,30,420,248.31,171.69
O01247,2026-05-02 03:49:44.438373,Siam,Nok,C0357,active,Cocktail,1,220,30,190,113.4,76.6
O01485,2026-05-02 04:20:44.438373,Ari,Ploy,C0079,at_risk,Set Menu,1,90,10,80,47.6,32.4
O01274,2026-05-02 06:26:44.438373,Siam,Jane,C0246,new,Protein Shake,2,180,10,170,85.07,84.93
O02227,2026-05-02 07:12:44.438373,Thonglor,Mek,C0051,active,Classic Burger,1,220,10,210,118.19,91.81
O01098,2026-05-02 07:16:44.438373,Siam,Ploy,C0175,active,Cocktail,2,180,10,170,103.5,66.5
O02337,2026-05-02 07:30:44.438373,Siam,Ploy,C0667,at_risk,Set Menu,1,90,20,70,32.14,37.86
O01052,2026-05-02 08:54:44.438373,Ari,Mek,C0528,at_risk,Craft Beer,1,180,0,180,95.47,84.53
O00397,2026-05-02 09:42:44.438373,Siam,Mek,C0325,at_risk,Signature Latte,1,120,30,90,55.31,34.69
O00905,2026-05-02 13:47:44.438373,Ari,Tum,C0249,active,Protein Shake,1,220,20,200,79.63,120.37
O00898,2026-05-02 15:36:44.438373,Siam,Tum,C0560,new,Set Menu,2,360,10,350,177.62,172.38
O00920,2026-05-02 15:40:44.438373,Siam,Ploy,C0187,active,Craft Beer,2,360,0,360,192.8,167.2
O02139,2026-05-02 17:34:44.438373,Ari,Mek,C0175,active,Protein Shake,2,240,20,220,130.05,89.95
O02239,2026-05-02 18:00:44.438373,Siam,Tum,C0560,active,Set Menu,1,180,0,180,84.06,95.94
O00106,2026-05-02 19:17:44.438373,Thonglor,Jane,C0666,active,Classic Burger,2,180,30,150,69.07,80.93
O02454,2026-05-02 20:08:44.438373,Thonglor,Ploy,C0009,new,Set Menu,1,220,10,210,95.32,114.68
O00021,2026-05-02 22:55:44.438373,Siam,Bank,C0439,at_risk,Protein Shake,2,360,0,360,221.96,138.04
O02445,2026-05-02 23:05:44.438373,Thonglor,Ploy,C0033,active,Classic Burger,2,440,20,420,228.72,191.28
O00436,2026-05-03 00:16:44.438373,Siam,Bank,C0442,at_risk,Protein Shake,2,440,10,430,180.93,249.07
O01502,2026-05-03 00:53:44.438373,Siam,Jane,C0446,active,Cocktail,1,180,10,170,101.5,68.5
O01082,2026-05-03 00:59:44.438373,Thonglor,Bank,C0584,new,Signature Latte,3,660,30,630,304.69,325.31
O01160,2026-05-03 00:59:44.438373,Ari,Bank,C0483,active,Set Menu,2,440,0,440,200.29,239.71
O00471,2026-05-03 01:00:44.438373,Siam,Tum,C0596,active,Cocktail,2,520,20,500,270.73,229.27
O00895,2026-05-03 01:30:44.438373,Siam,Mek,C0186,active,Cocktail,1,180,0,180,89.28,90.72
O02210,2026-05-03 01:47:44.438373,Siam,Nok,C0397,at_risk,Cocktail,2,180,20,160,80.51,79.49
O00010,2026-05-03 02:29:44.438373,Thonglor,Ploy,C0289,active,Craft Beer,1,180,10,170,72.71,97.29
O01378,2026-05-03 02:33:44.438373,Thonglor,Ploy,C0321,active,Signature Latte,1,90,10,80,44.17,35.83
O01332,2026-05-03 03:30:44.438373,Thonglor,Nok,C0026,at_risk,Set Menu,1,260,20,240,124.9,115.1
O01404,2026-05-03 04:17:44.438373,Ari,Tum,C0127,new,Protein Shake,1,150,30,120,70.13,49.87
O01136,2026-05-03 05:19:44.438373,Thonglor,Mek,C0579,active,Signature Latte,2,440,0,440,185.53,254.47
O00644,2026-05-03 06:20:44.438373,Thonglor,Tum,C0620,active,Classic Burger,1,180,20,160,88.26,71.74
O01285,2026-05-03 06:41:44.438373,Siam,Tum,C0534,at_risk,Classic Burger,1,260,10,250,123.29,126.71
O02487,2026-05-03 07:32:44.438373,Ari,Bank,C0572,active,Cocktail,2,520,30,490,270.47,219.53
O02374,2026-05-03 07:47:44.438373,Ari,Nok,C0066,active,Craft Beer,2,300,10,290,170.77,119.23
O00605,2026-05-03 08:12:44.438373,Thonglor,Jane,C0415,new,Classic Burger,3,450,20,430,211.78,218.22
O02075,2026-05-03 08:54:44.438373,Thonglor,Ploy,C0112,at_risk,Cocktail,1,120,0,120,65.84,54.16
O02412,2026-05-03 08:57:44.438373,Thonglor,Bank,C0264,new,Classic Burger,1,180,30,150,85.57,64.43
O00229,2026-05-03 11:33:44.438373,Siam,Jane,C0693,at_risk,Set Menu,2,180,30,150,57.44,92.56
O01120,2026-05-03 12:07:44.438373,Siam,Jane,C0619,active,Protein Shake,1,260,0,260,112.62,147.38
O00124,2026-05-03 13:42:44.438373,Ari,Tum,C0634,active,Craft Beer,2,240,30,210,122.04,87.96
O01716,2026-05-03 14:35:44.438373,Ari,Tum,C0637,new,Signature Latte,3,270,0,270,149.63,120.37
O00006,2026-05-03 15:21:44.438373,Siam,Nok,C0562,active,Craft Beer,2,360,30,330,191.39,138.61
O02398,2026-05-03 16:11:44.438373,Siam,Tum,C0652,at_risk,Craft Beer,1,220,0,220,99.44,120.56
O02021,2026-05-03 17:11:44.438373,Thonglor,Ploy,C0501,at_risk,Classic Burger,1,90,0,90,40.11,49.89
O00156,2026-05-03 17:19:44.438373,Ari,Bank,C0381,active,Set Menu,1,260,30,230,112.02,117.98
O00640,2026-05-03 19:27:44.438373,Ari,Bank,C0588,at_risk,Protein Shake,2,300,0,300,180.04,119.96
O00472,2026-05-03 20:17:44.438373,Ari,Jane,C0337,new,Signature Latte,2,440,0,440,250.9,189.1
O01070,2026-05-03 20:17:44.438373,Ari,Mek,C0318,active,Set Menu,3,360,10,350,192.65,157.35
O02090,2026-05-03 20:30:44.438373,Siam,Mek,C0576,at_risk,Signature Latte,2,300,0,300,114.87,185.13
O02216,2026-05-03 21:35:44.438373,Siam,Mek,C0636,at_risk,Set Menu,1,120,0,120,52.26,67.74
O01562,2026-05-03 21:53:44.438373,Siam,Mek,C0138,at_risk,Cocktail,1,150,0,150,65.35,84.65
O01959,2026-05-03 22:15:44.438373,Thonglor,Nok,C0304,active,Signature Latte,3,450,0,450,247.75,202.25
O01073,2026-05-03 23:17:44.438373,Siam,Ploy,C0447,active,Classic Burger,3,450,0,450,268.36,181.64
O01129,2026-05-04 01:41:44.438373,Siam,Tum,C0102,active,Cocktail,2,360,10,350,171.6,178.4
O01407,2026-05-04 02:23:44.438373,Thonglor,Ploy,C0261,active,Protein Shake,1,260,0,260,129.58,130.42
O02274,2026-05-04 03:02:44.438373,Siam,Bank,C0365,new,Cocktail,1,150,0,150,67.63,82.37
O00329,2026-05-04 03:46:44.438373,Siam,Tum,C0349,new,Protein Shake,2,520,30,490,295.14,194.86
O00269,2026-05-04 03:51:44.438373,Siam,Tum,C0571,active,Protein Shake,1,150,30,120,67.18,52.82
O01960,2026-05-04 05:54:44.438373,Siam,Nok,C0170,at_risk,Craft Beer,2,520,0,520,244.22,275.78
O00423,2026-05-04 07:04:44.438373,Thonglor,Ploy,C0509,active,Signature Latte,3,780,10,770,354.63,415.37
O02273,2026-05-04 08:24:44.438373,Siam,Nok,C0241,active,Classic Burger,2,240,0,240,128.25,111.75
O00001,2026-05-04 08:36:44.438373,Ari,Mek,C0467,new,Protein Shake,2,440,10,430,243.86,186.14
O01475,2026-05-04 08:50:44.438373,Siam,Jane,C0154,new,Classic Burger,1,120,0,120,62.24,57.76
O01155,2026-05-04 12:04:44.438373,Thonglor,Bank,C0434,active,Protein Shake,2,180,0,180,107.82,72.18
O00088,2026-05-04 12:15:44.438373,Thonglor,Nok,C0606,new,Protein Shake,2,360,10,350,205.7,144.3
O01330,2026-05-04 12:19:44.438373,Siam,Mek,C0396,active,Classic Burger,2,300,20,280,138.06,141.94
O02417,2026-05-04 13:10:44.438373,Thonglor,Bank,C0090,active,Cocktail,3,780,0,780,354.44,425.56
O02135,2026-05-04 13:23:44.438373,Siam,Bank,C0522,active,Protein Shake,1,180,10,170,94.16,75.84
O01607,2026-05-04 14:36:44.438373,Ari,Jane,C0180,active,Classic Burger,2,300,10,290,150.33,139.67
O01142,2026-05-04 14:41:44.438373,Thonglor,Tum,C0364,new,Cocktail,1,90,0,90,44.5,45.5
O00774,2026-05-04 15:15:44.438373,Siam,Nok,C0405,at_risk,Protein Shake,1,120,0,120,63.56,56.44
O02002,2026-05-04 16:03:44.438373,Thonglor,Bank,C0476,at_risk,Signature Latte,2,240,0,240,95.95,144.05
O00316,2026-05-04 17:59:44.438373,Siam,Mek,C0262,at_risk,Set Menu,1,260,10,250,118.28,131.72
O02022,2026-05-04 19:54:44.438373,Ari,Jane,C0316,at_risk,Cocktail,1,120,30,90,47.7,42.3
O01402,2026-05-04 20:16:44.438373,Ari,Ploy,C0223,at_risk,Classic Burger,1,260,30,230,126.35,103.65
O01443,2026-05-04 21:32:44.438373,Siam,Tum,C0245,at_risk,Signature Latte,2,300,30,270,143.7,126.3
O01620,2026-05-04 22:52:44.438373,Siam,Ploy,C0426,active,Cocktail,1,260,10,250,152.39,97.61
O00689,2026-05-05 01:29:44.438373,Thonglor,Jane,C0632,active,Cocktail,3,540,20,520,265.9,254.1
O01111,2026-05-05 05:06:44.438373,Thonglor,Ploy,C0647,new,Classic Burger,2,180,30,150,81.62,68.38
O02104,2026-05-05 05:57:44.438373,Thonglor,Jane,C0634,active,Cocktail,3,780,20,760,319.79,440.21
O02136,2026-05-05 06:07:44.438373,Siam,Jane,C0328,new,Signature Latte,3,540,10,530,326.93,203.07
O01068,2026-05-05 09:03:44.438373,Ari,Ploy,C0251,at_risk,Protein Shake,2,300,0,300,126.11,173.89
O01108,2026-05-05 09:53:44.438373,Ari,Tum,C0088,active,Classic Burger,1,180,0,180,93.71,86.29
O02174,2026-05-05 10:16:44.438373,Thonglor,Bank,C0588,active,Classic Burger,1,180,30,150,79.07,70.93
O01703,2026-05-05 11:04:44.438373,Ari,Nok,C0600,active,Classic Burger,2,520,0,520,315.45,204.55
O01497,2026-05-05 12:35:44.438373,Ari,Mek,C0281,new,Craft Beer,1,180,20,160,80.24,79.76
O02342,2026-05-05 13:09:44.438373,Ari,Mek,C0331,active,Craft Beer,2,440,10,430,207.31,222.69
O02056,2026-05-05 14:09:44.438373,Siam,Bank,C0669,active,Set Menu,1,150,0,150,70.74,79.26
O01141,2026-05-05 14:21:44.438373,Ari,Bank,C0020,active,Craft Beer,1,220,0,220,110.49,109.51
O00157,2026-05-05 15:04:44.438373,Siam,Mek,C0430,active,Classic Burger,1,260,10,250,110.15,139.85
O00609,2026-05-05 15:18:44.438373,Siam,Tum,C0601,active,Set Menu,3,780,10,770,338.79,431.21
O02482,2026-05-05 17:20:44.438373,Thonglor,Tum,C0048,at_risk,Classic Burger,2,300,30,270,105.9,164.1
O01324,2026-05-05 19:12:44.438373,Ari,Mek,C0233,active,Craft Beer,2,440,30,410,241.21,168.79
O00868,2026-05-05 19:19:44.438373,Thonglor,Mek,C0416,at_risk,Signature Latte,1,120,20,100,54.25,45.75
O01819,2026-05-05 21:01:44.438373,Ari,Mek,C0101,active,Craft Beer,1,260,0,260,116.82,143.18
O00751,2026-05-05 21:31:44.438373,Siam,Jane,C0255,new,Signature Latte,1,150,0,150,78.46,71.54
O00338,2026-05-05 21:42:44.438373,Ari,Bank,C0660,active,Cocktail,3,270,0,270,140.56,129.44
O00490,2026-05-05 22:04:44.438373,Thonglor,Ploy,C0552,active,Signature Latte,2,300,0,300,121.62,178.38
O01552,2026-05-05 22:31:44.438373,Siam,Bank,C0179,new,Classic Burger,1,90,0,90,41.13,48.87
O02435,2026-05-05 22:38:44.438373,Thonglor,Jane,C0068,at_risk,Set Menu,1,150,0,150,78.41,71.59
O01727,2026-05-06 00:37:44.438373,Ari,Mek,C0077,at_risk,Set Menu,2,300,0,300,176.14,123.86
O01857,2026-05-06 01:19:44.438373,Thonglor,Tum,C0695,active,Classic Burger,2,360,0,360,213.55,146.45
O02249,2026-05-06 02:23:44.438373,Ari,Nok,C0374,new,Cocktail,2,440,0,440,213.64,226.36
O01725,2026-05-06 03:33:44.438373,Thonglor,Nok,C0554,active,Signature Latte,1,120,0,120,59.41,60.59
O01897,2026-05-06 04:32:44.438373,Ari,Tum,C0671,active,Signature Latte,3,360,30,330,195.19,134.81
O00277,2026-05-06 05:39:44.438373,Siam,Nok,C0575,active,Set Menu,1,90,20,70,39.03,30.97
O01789,2026-05-06 07:30:44.438373,Siam,Tum,C0565,active,Cocktail,1,260,20,240,137.18,102.82
O01863,2026-05-06 07:31:44.438373,Thonglor,Nok,C0391,at_risk,Signature Latte,1,150,30,120,49.9,70.1
O01168,2026-05-06 09:51:44.438373,Ari,Nok,C0496,active,Classic Burger,2,440,0,440,213.25,226.75
O01917,2026-05-06 10:36:44.438373,Siam,Mek,C0333,new,Set Menu,1,220,10,210,127.19,82.81
O00141,2026-05-06 11:06:44.438373,Thonglor,Tum,C0344,active,Set Menu,2,300,20,280,134.46,145.54
O01879,2026-05-06 13:09:44.438373,Ari,Nok,C0318,at_risk,Protein Shake,2,180,10,170,76.11,93.89
O01985,2026-05-06 13:41:44.438373,Siam,Ploy,C0490,at_risk,Craft Beer,2,360,0,360,170.81,189.19
O00582,2026-05-06 15:52:44.438373,Ari,Jane,C0090,active,Set Menu,3,450,0,450,251.43,198.57
O01101,2026-05-06 15:52:44.438373,Thonglor,Bank,C0372,at_risk,Signature Latte,2,440,30,410,157.57,252.43
O00484,2026-05-06 17:32:44.438373,Siam,Bank,C0287,new,Cocktail,2,240,20,220,94.08,125.92
O01065,2026-05-06 18:05:44.438373,Siam,Mek,C0346,active,Signature Latte,3,450,10,440,265.5,174.5
O01358,2026-05-06 18:06:44.438373,Ari,Mek,C0682,at_risk,Set Menu,1,220,10,210,83.95,126.05
O01787,2026-05-06 18:22:44.438373,Ari,Mek,C0223,active,Classic Burger,1,220,10,210,117.18,92.82
O02003,2026-05-06 18:49:44.438373,Thonglor,Mek,C0106,new,Classic Burger,1,90,0,90,47.46,42.54
O01793,2026-05-06 21:26:44.438373,Siam,Ploy,C0473,at_risk,Signature Latte,1,260,0,260,125.72,134.28
O00677,2026-05-06 21:27:44.438373,Siam,Mek,C0368,at_risk,Protein Shake,2,360,30,330,148.31,181.69
O01213,2026-05-06 21:33:44.438373,Siam,Tum,C0144,active,Protein Shake,1,150,20,130,76.85,53.15
O00211,2026-05-06 23:01:44.438373,Siam,Ploy,C0342,active,Classic Burger,3,360,10,350,177.77,172.23
O00005,2026-05-07 00:06:44.438373,Thonglor,Nok,C0346,new,Classic Burger,1,180,0,180,110.12,69.88
O00804,2026-05-07 00:15:44.438373,Siam,Tum,C0024,active,Classic Burger,2,520,0,520,322.38,197.62
O01187,2026-05-07 00:38:44.438373,Ari,Bank,C0162,new,Signature Latte,2,440,0,440,224.67,215.33
O00020,2026-05-07 01:57:44.438373,Ari,Jane,C0225,active,Cocktail,1,150,0,150,92.16,57.84
O01894,2026-05-07 03:03:44.438373,Siam,Jane,C0076,active,Craft Beer,2,440,30,410,243.3,166.7
O02284,2026-05-07 03:20:44.438373,Thonglor,Nok,C0045,new,Protein Shake,2,300,10,290,135.82,154.18
O02382,2026-05-07 03:40:44.438373,Siam,Jane,C0398,at_risk,Craft Beer,2,180,0,180,94.69,85.31
O01930,2026-05-07 03:43:44.438373,Siam,Mek,C0418,at_risk,Signature Latte,1,180,30,150,59.5,90.5
O02238,2026-05-07 04:17:44.438373,Thonglor,Ploy,C0103,active,Classic Burger,2,240,10,230,123.65,106.35
O00058,2026-05-07 05:54:44.438373,Thonglor,Nok,C0301,at_risk,Cocktail,3,450,30,420,196.96,223.04
O01905,2026-05-07 06:24:44.438373,Ari,Jane,C0202,active,Cocktail,3,780,10,770,302.32,467.68
O02160,2026-05-07 06:36:44.438373,Siam,Tum,C0455,at_risk,Protein Shake,2,300,0,300,138.6,161.4
O00056,2026-05-07 06:52:44.438373,Siam,Mek,C0588,active,Craft Beer,1,220,10,210,124.54,85.46
O01801,2026-05-07 09:03:44.438373,Thonglor,Nok,C0428,new,Craft Beer,1,150,10,140,57.32,82.68
O02479,2026-05-07 10:16:44.438373,Thonglor,Mek,C0031,active,Cocktail,1,150,0,150,68.43,81.57
O00674,2026-05-07 12:55:44.438373,Siam,Mek,C0396,at_risk,Craft Beer,1,90,30,60,28.55,31.45
O01268,2026-05-07 14:42:44.438373,Siam,Jane,C0632,at_risk,Craft Beer,2,300,0,300,173.23,126.77
O00175,2026-05-07 16:46:44.438373,Ari,Bank,C0364,at_risk,Classic Burger,3,660,0,660,368.44,291.56
O00733,2026-05-07 18:56:44.438373,Thonglor,Jane,C0554,active,Classic Burger,1,150,20,130,67.52,62.48
O02495,2026-05-07 19:15:44.438373,Thonglor,Ploy,C0305,new,Craft Beer,2,360,20,340,140.54,199.46
O01231,2026-05-07 19:22:44.438373,Ari,Jane,C0296,active,Classic Burger,1,260,0,260,98.97,161.03
O01341,2026-05-07 20:29:44.438373,Siam,Bank,C0379,at_risk,Signature Latte,3,360,0,360,182.71,177.29
O00775,2026-05-07 23:31:44.438373,Thonglor,Mek,C0076,at_risk,Craft Beer,2,360,20,340,202.44,137.56
O02422,2026-05-08 00:28:44.438373,Thonglor,Tum,C0587,active,Set Menu,3,270,10,260,130.36,129.64
O00138,2026-05-08 01:31:44.438373,Siam,Nok,C0266,new,Classic Burger,2,360,0,360,186.98,173.02
O01014,2026-05-08 03:38:44.438373,Ari,Mek,C0566,active,Cocktail,1,150,0,150,70.72,79.28
O02466,2026-05-08 05:08:44.438373,Siam,Jane,C0651,active,Protein Shake,3,660,0,660,296.44,363.56
O00778,2026-05-08 05:12:44.438373,Siam,Jane,C0341,active,Set Menu,1,120,30,90,51.97,38.03
O00317,2026-05-08 05:15:44.438373,Thonglor,Jane,C0035,at_risk,Classic Burger,1,220,0,220,89.73,130.27
O02276,2026-05-08 05:56:44.438373,Thonglor,Bank,C0267,active,Craft Beer,1,260,0,260,144.6,115.4
O00569,2026-05-08 06:10:44.438373,Siam,Tum,C0333,new,Cocktail,1,220,30,190,117.55,72.45
O02467,2026-05-08 06:53:44.438373,Siam,Bank,C0691,active,Classic Burger,2,360,0,360,146.09,213.91
O00709,2026-05-08 10:42:44.438373,Siam,Tum,C0141,active,Signature Latte,3,450,20,430,208.01,221.99
O01850,2026-05-08 10:52:44.438373,Thonglor,Nok,C0553,active,Craft Beer,1,120,0,120,52.27,67.73
O00614,2026-05-08 11:08:44.438373,Siam,Ploy,C0059,active,Classic Burger,1,90,20,70,35.21,34.79
O01553,2026-05-08 12:15:44.438373,Thonglor,Bank,C0253,new,Classic Burger,3,270,30,240,131.25,108.75
O01622,2026-05-08 12:46:44.438373,Siam,Jane,C0684,new,Cocktail,3,660,10,650,386.81,263.19
O00606,2026-05-08 13:41:44.438373,Siam,Tum,C0027,active,Classic Burger,2,240,0,240,108.84,131.16
O01737,2026-05-08 13:56:44.438373,Siam,Tum,C0164,new,Signature Latte,3,540,10,530,308.29,221.71
O01807,2026-05-08 14:39:44.438373,Siam,Jane,C0197,at_risk,Set Menu,2,300,30,270,120.67,149.33
O02150,2026-05-08 17:14:44.438373,Siam,Tum,C0480,active,Protein Shake,1,220,0,220,98.97,121.03
O01221,2026-05-08 19:02:44.438373,Siam,Jane,C0560,new,Protein Shake,3,270,20,250,140.24,109.76
O00017,2026-05-08 19:34:44.438373,Thonglor,Tum,C0456,active,Cocktail,1,260,0,260,149.84,110.16
O00123,2026-05-08 19:35:44.438373,Siam,Tum,C0168,active,Set Menu,2,440,0,440,181.99,258.01
O01228,2026-05-08 20:02:44.438373,Thonglor,Nok,C0030,at_risk,Classic Burger,2,180,20,160,79.5,80.5
O02322,2026-05-08 20:26:44.438373,Siam,Nok,C0257,active,Set Menu,3,450,0,450,207.38,242.62
O01941,2026-05-08 20:55:44.438373,Ari,Jane,C0016,active,Classic Burger,2,240,0,240,105.66,134.34
O01007,2026-05-08 22:46:44.438373,Thonglor,Tum,C0438,at_risk,Signature Latte,1,120,10,110,44.52,65.48
O02365,2026-05-08 22:53:44.438373,Siam,Jane,C0396,new,Classic Burger,3,540,20,520,237.43,282.57
O00914,2026-05-09 00:59:44.438373,Thonglor,Nok,C0268,active,Protein Shake,1,260,20,240,100.05,139.95
O01868,2026-05-09 01:52:44.438373,Ari,Tum,C0602,active,Set Menu,1,90,0,90,45.83,44.17
O01811,2026-05-09 02:11:44.438373,Thonglor,Tum,C0447,at_risk,Signature Latte,1,220,30,190,73.43,116.57
O02344,2026-05-09 02:27:44.438373,Siam,Mek,C0516,active,Set Menu,2,360,10,350,205.97,144.03
O00652,2026-05-09 02:43:44.438373,Thonglor,Nok,C0516,new,Craft Beer,2,520,0,520,204.19,315.81
O02460,2026-05-09 08:05:44.438373,Siam,Jane,C0492,active,Protein Shake,3,780,30,750,288.96,461.04
O01650,2026-05-09 08:06:44.438373,Thonglor,Jane,C0235,new,Cocktail,1,120,20,100,51.68,48.32
O01498,2026-05-09 09:27:44.438373,Ari,Ploy,C0196,active,Signature Latte,2,180,20,160,77.08,82.92
O02468,2026-05-09 09:54:44.438373,Thonglor,Ploy,C0228,active,Set Menu,1,90,20,70,37.74,32.26
O00802,2026-05-09 09:55:44.438373,Siam,Mek,C0399,active,Signature Latte,3,450,20,430,181.03,248.97
O02309,2026-05-09 10:32:44.438373,Thonglor,Tum,C0639,active,Craft Beer,1,150,0,150,91.97,58.03
O00031,2026-05-09 11:05:44.438373,Siam,Ploy,C0192,active,Signature Latte,1,220,20,200,110.68,89.32
O00089,2026-05-09 15:55:44.438373,Siam,Bank,C0645,new,Cocktail,1,120,10,110,56.89,53.11
